ID,predvyber_ANO
11,1
18,1
19,1
21,1
37,1
38,1
61,1
70,1
76,1
81,1
90,1
101,1
112,1
126,1
130,1
154,1
171,1
174,1
177,1
183,1
205,1
238,1
239,1
240,1
244,1
246,1
247,1
268,1
278,1
279,1
306,1
312,1
313,1
314,1
315,1
316,1
339,1
345,1
347,1
348,1
352,1
358,1
360,1
361,1
362,1
382,1
384,1
391,1
394,1
402,1
418,1
420,1
422,1
423,1
428,1
457,1
462,1
466,1
470,1
479,1
499,1
502,1
504,1
512,1
517,1
541,1
543,1
545,1
548,1
552,1
559,1
564,1
581,1
583,1
586,1
588,1
633,1
635,1
636,1
661,1
667,1
682,1
697,1
698,1
706,1
728,1
731,1
741,1
742,1
758,1
805,1
807,1
841,1
847,1
852,1
878,1
882,1
896,1
898,1
901,1
918,1
927,1
939,1
943,1
945,1
978,1
979,1
980,1
983,1
987,1
1031,1
1041,1
1046,1
1052,1
1077,1
1082,1
1096,1
1106,1
1121,1
1122,1
1135,1
1181,1
1192,1
1206,1
1238,1
1264,1
1274,1
1320,1
1322,1
1324,1
1325,1
1352,1
1355,1
1441,1
1442,1
1460,1
1461,1
1462,1
1494,1
1498,1
1519,1
1559,1
1588,1
1590,1
1658,1
1659,1
1660,1
1666,1
1676,1
1685,1
1708,1
1714,1
1734,1
1738,1
1740,1
1745,1
1756,1
1767,1
1783,1
1795,1
1811,1
1813,1
1867,1
1955,1
1957,1
1985,1
2044,1
2048,1
2049,1
2069,1
2083,1
2139,1
2161,1
2168,1
2169,1
2173,1
2174,1
2176,1
2197,1
2199,1
2223,1
2242,1
2243,1
2253,1
2259,1
2275,1
2291,1
2296,1
2305,1
2343,1
2346,1
2347,1
2354,1
2365,1
2410,1
2412,1
2413,1
2417,1
2440,1
2444,1
2448,1
2450,1
2451,1
2475,1
2481,1
2482,1
2484,1
2485,1
2508,1
2516,1
2517,1
2521,1
2522,1
2530,1
2531,1
2550,1
2552,1
2553,1
2555,1
2558,1
2560,1
2563,1
2591,1
2593,1
2594,1
2597,1
2630,1
2639,1
2643,1
2645,1
2650,1
2662,1
2670,1
2673,1
2675,1
2685,1
2690,1
2714,1
2716,1
2718,1
2721,1
2729,1
2731,1
2752,1
2753,1
2801,1
2828,1
2830,1
2836,1
2863,1
2864,1
2869,1
2874,1
2921,1
2927,1
2948,1
2975,1
2989,1
3010,1
3016,1
3030,1
3044,1
3048,1
3051,1
3065,1
3067,1
3070,1
3071,1
3145,1
3146,1
3147,1
3151,1
3155,1
3196,1
3202,1
3210,1
3252,1
3268,1
3292,1
3293,1
3322,1
3366,1
3367,1
3380,1
3396,1
3426,1
3441,1
3451,1
3493,1
3494,1
3496,1
3498,1
3521,1
3526,1
3530,1
3578,1
3587,1
3614,1
3616,1
3630,1
3633,1
3634,1
3664,1
3665,1
3670,1
3714,1
3717,1
3760,1
3769,1
3775,1
3808,1
3831,1
3832,1
3833,1
3848,1
3857,1
3887,1
3903,1
3905,1
3911,1
3915,1
3930,1
3933,1
3951,1
3964,1
3977,1
3979,1
3980,1
3982,1
3993,1
4005,1
4020,1
4038,1
4058,1
4060,1
4079,1
4088,1
4122,1
4124,1
4186,1
4204,1
4209,1
4249,1
4300,1
4324,1
4325,1
4332,1
4334,1
4355,1
4366,1
4389,1
4391,1
4395,1
4396,1
4415,1
4419,1
4426,1
4433,1
4449,1
4453,1
4460,1
4477,1
4499,1
4500,1
4508,1
4518,1
4528,1
4536,1
4562,1
4564,1
4565,1
4567,1
4568,1
4586,1
4587,1
4588,1
4592,1
4596,1
4598,1
4599,1
4600,1
4618,1
4624,1
4625,1
4631,1
4632,1
4633,1
4634,1
4661,1
4665,1
4666,1
4667,1
4672,1
4673,1
4682,1
4683,1
4684,1
4696,1
4704,1
4706,1
4707,1
4713,1
4714,1
4743,1
4745,1
4748,1
4750,1
4752,1
4770,1
4779,1
4780,1
4787,1
4790,1
4791,1
4793,1
4797,1
4825,1
4833,1
4841,1
4852,1
4865,1
4866,1
4868,1
4873,1
4893,1
4901,1
4903,1
4908,1
4931,1
4952,1
4979,1
4983,1
4988,1
5014,1
5015,1
5026,1
5043,1
5066,1
5070,1
5120,1
5139,1
5168,1
5190,1
5195,1
5199,1
5217,1
5221,1
5222,1
5223,1
5254,1
5286,1
5296,1
5301,1
5302,1
5303,1
5310,1
5329,1
5348,1
5356,1
5361,1
5367,1
5397,1
5410,1
5417,1
5438,1
5454,1
5499,1
5514,1
5515,1
5529,1
5544,1
5590,1
5601,1
5645,1
5648,1
5650,1
5704,1
5707,1
5739,1
5767,1
5770,1
5786,1
5791,1
5819,1
5828,1
5870,1
5883,1
5912,1
5913,1
5919,1
5959,1
5967,1
5982,1
5983,1
6007,1
6035,1
6053,1
6055,1
6060,1
6082,1
6101,1
6114,1
6120,1
6127,1
6128,1
6129,1
6130,1
6131,1
6144,1
6157,1
6192,1
6222,1
6244,1
6281,1
6307,1
6308,1
6344,1
6482,1
6483,1
6490,1
6511,1
6524,1
6532,1
6546,1
6550,1
6570,1
6574,1
6604,1
6605,1
6611,1
6626,1
6637,1
6642,1
6649,1
6651,1
6657,1
6677,1
6679,1
6712,1
6713,1
6717,1
6719,1
6720,1
6738,1
6743,1
6744,1
6749,1
6751,1
6776,1
6778,1
6784,1
6785,1
6786,1
6787,1
6789,1
6809,1
6813,1
6814,1
6815,1
6817,1
6818,1
6819,1
6820,1
6822,1
6823,1
6828,1
6831,1
6832,1
6843,1
6849,1
6850,1
6852,1
6859,1
6860,1
6888,1
6889,1
6894,1
6896,1
6927,1
6932,1
6936,1
6939,1
6943,1
6964,1
6966,1
6970,1
6975,1
6981,1
6982,1
6993,1
7006,1
7008,1
7009,1
7013,1
7023,1
7027,1
7030,1
7034,1
7046,1
7048,1
7052,1
7057,1
7089,1
7091,1
7095,1
7100,1
7103,1
7124,1
7141,1
7157,1
7182,1
7183,1
7185,1
7198,1
7206,1
7239,1
7261,1
7264,1
7283,1
7311,1
7331,1
7334,1
7337,1
7338,1
7344,1
7351,1
7353,1
7357,1
7376,1
7387,1
7388,1
7406,1
7426,1
7438,1
7439,1
7440,1
7446,1
7447,1
7450,1
7483,1
7485,1
7495,1
7506,1
7517,1
7535,1
7537,1
7554,1
7565,1
7580,1
7592,1
7634,1
7650,1
7664,1
7679,1
7722,1
7734,1
7780,1
7782,1
7784,1
7785,1
7812,1
7842,1
7873,1
7904,1
7905,1
7922,1
7949,1
7960,1
7962,1
7977,1
7984,1
8002,1
8012,1
8014,1
8029,1
8040,1
8044,1
8045,1
8052,1
8096,1
8115,1
8116,1
8118,1
8124,1
8135,1
8136,1
8143,1
8172,1
8192,1
8197,1
8205,1
8211,1
8220,1
8222,1
8238,1
8252,1
8264,1
8266,1
8268,1
8269,1
8282,1
8329,1
8350,1
8383,1
8419,1
8421,1
8447,1
8449,1
8529,1
8570,1
8604,1
8628,1
8630,1
8638,1
8650,1
8668,1
8670,1
8671,1
8683,1
8687,1
8692,1
8714,1
8720,1
8726,1
8743,1
8752,1
8780,1
8784,1
8788,1
8790,1
8796,1
8799,1
8819,1
8823,1
8825,1
8848,1
8849,1
8853,1
8854,1
8877,1
8882,1
8884,1
8885,1
8910,1
8914,1
8917,1
8918,1
8919,1
8920,1
8951,1
8955,1
8956,1
8957,1
8967,1
8968,1
8969,1
8990,1
8992,1
8993,1
8996,1
9001,1
9022,1
9024,1
9028,1
9033,1
9034,1
9053,1
9062,1
9065,1
9066,1
9075,1
9079,1
9080,1
9088,1
9107,1
9108,1
9121,1
9126,1
9139,1
9150,1
9152,1
9154,1
9157,1
9165,1
9171,1
9179,1
9190,1
9194,1
9197,1
9199,1
9237,1
9238,1
9240,1
9246,1
9247,1
9274,1
9308,1
9314,1
9318,1
9346,1
9361,1
9384,1
9411,1
9448,1
9479,1
9487,1
9501,1
9503,1
9533,1
9534,1
9547,1
9551,1
9560,1
9585,1
9587,1
9591,1
9594,1
9610,1
9635,1
9638,1
9648,1
9653,1
9660,1
9690,1
9709,1
9718,1
9735,1
9737,1
9738,1
9746,1
9748,1
9756,1
9766,1
9777,1
9808,1
9819,1
9824,1
9842,1
9874,1
9884,1
9885,1
9886,1
9923,1
9924,1
9926,1
9928,1
9929,1
9951,1
9953,1
9954,1
9956,1
9957,1
9965,1
10003,1
10010,1
10011,1
10012,1
10038,1
10039,1
10061,1
10062,1
10092,1
10121,1
10130,1
10150,1
10151,1
10152,1
10157,1
10192,1
10193,1
10235,1
10260,1
10262,1
10263,1
10279,1
10307,1
10316,1
10336,1
10337,1
10346,1
10365,1
10366,1
10382,1
10383,1
10393,1
10409,1
10410,1
10435,1
10511,1
10559,1
10561,1
10589,1
10592,1
10656,1
10679,1
10691,1
10790,1
10791,1
10807,1
10811,1
10825,1
10829,1
10831,1
10853,1
10855,1
10872,1
10883,1
10888,1
10916,1
10952,1
10953,1
10954,1
10955,1
10965,1
10974,1
10981,1
11002,1
11013,1
11016,1
11019,1
11020,1
11043,1
11044,1
11049,1
11050,1
11053,1
11054,1
11056,1
11071,1
11077,1
11081,1
11083,1
11084,1
11085,1
11086,1
11087,1
11112,1
11123,1
11128,1
11136,1
11137,1
11138,1
11156,1
11159,1
11160,1
11166,1
11167,1
11171,1
11198,1
11202,1
11206,1
11215,1
11228,1
11241,1
11249,1
11253,1
11254,1
11273,1
11278,1
11279,1
11280,1
11293,1
11296,1
11327,1
11330,1
11339,1
11364,1
11369,1
11408,1
11410,1
11415,1
11438,1
11440,1
11444,1
11471,1
11472,1
11477,1
11478,1
11484,1
11520,1
11526,1
11547,1
11550,1
11578,1
11589,1
11610,1
11622,1
11629,1
11641,1
11645,1
11648,1
11662,1
11664,1
11669,1
11687,1
11696,1
11697,1
11713,1
11744,1
11745,1
11746,1
11754,1
11793,1
11797,1
11800,1
11833,1
11854,1
11860,1
11861,1
11874,1
11900,1
11901,1
11913,1
11920,1
11925,1
11929,1
11940,1
11982,1
12023,1
12034,1
12045,1
12046,1
12092,1
12093,1
12095,1
12097,1
12122,1
12126,1
12128,1
12175,1
12183,1
12184,1
12185,1
12210,1
12232,1
12299,1
12301,1
12318,1
12321,1
12328,1
12346,1
12361,1
12376,1
12404,1
12405,1
12431,1
12432,1
12456,1
12461,1
12483,1
12494,1
12501,1
12514,1
12531,1
12532,1
12550,1
12551,1
12552,1
12553,1
12570,1
12579,1
12580,1
12581,1
12584,1
12608,1
12624,1
12688,1
12763,1
12766,1
12854,1
12863,1
12929,1
12948,1
12953,1
12962,1
12976,1
12992,1
12998,1
13010,1
13012,1
13016,1
13017,1
13040,1
13046,1
13066,1
13079,1
13083,1
13112,1
13117,1
13118,1
13127,1
13136,1
13141,1
13144,1
13164,1
13177,1
13183,1
13184,1
13185,1
13205,1
13206,1
13207,1
13210,1
13212,1
13215,1
13216,1
13217,1
13241,1
13243,1
13247,1
13248,1
13251,1
13275,1
13283,1
13284,1
13285,1
13290,1
13299,1
13300,1
13318,1
13321,1
13322,1
13326,1
13329,1
13330,1
13334,1
13354,1
13361,1
13364,1
13365,1
13367,1
13373,1
13385,1
13393,1
13397,1
13404,1
13408,1
13409,1
13411,1
13427,1
13446,1
13452,1
13465,1
13479,1
13481,1
13484,1
13498,1
13509,1
13518,1
13521,1
13524,1
13526,1
13545,1
13568,1
13574,1
13598,1
13630,1
13635,1
13653,1
13656,1
13658,1
13673,1
13690,1
13707,1
13731,1
13776,1
13797,1
13801,1
13819,1
13820,1
13827,1
13855,1
13876,1
13905,1
13908,1
13909,1
13910,1
13919,1
13940,1
13955,1
13959,1
13980,1
13983,1
13990,1
14025,1
14029,1
14032,1
14071,1
14128,1
14142,1
14184,1
14194,1
14204,1
14206,1
14255,1
14257,1
14280,1
14284,1
14286,1
14313,1
14343,1
14344,1
14370,1
14390,1
14423,1
14458,1
14461,1
14478,1
14481,1
14487,1
14523,1
14524,1
14570,1
14571,1
14597,1
14598,1
14621,1
14638,1
14668,1
14670,1
14698,1
14716,1
14717,1
14719,1
14737,1
14742,1
14744,1
14745,1
14746,1
14747,1
14774,1
14838,1
14842,1
14937,1
15034,1
15099,1
15123,1
15125,1
15132,1
15137,1
15179,1
15182,1
15183,1
15206,1
15213,1
15234,1
15243,1
15247,1
15268,1
15276,1
15278,1
15288,1
15298,1
15306,1
15324,1
15337,1
15338,1
15343,1
15344,1
15345,1
15363,1
15365,1
15373,1
15374,1
15376,1
15398,1
15399,1
15402,1
15403,1
15405,1
15406,1
15409,1
15410,1
15431,1
15435,1
15439,1
15440,1
15441,1
15452,1
15453,1
15454,1
15475,1
15476,1
15477,1
15483,1
15487,1
15505,1
15514,1
15518,1
15521,1
15546,1
15548,1
15553,1
15558,1
15562,1
15563,1
15565,1
15570,1
15591,1
15592,1
15602,1
15608,1
15620,1
15632,1
15633,1
15650,1
15656,1
15663,1
15675,1
15676,1
15681,1
15684,1
15697,1
15718,1
15722,1
15727,1
15728,1
15733,1
15735,1
15754,1
15755,1
15761,1
15770,1
15787,1
15794,1
15813,1
15815,1
15826,1
15836,1
15851,1
15866,1
15884,1
15890,1
15936,1
15937,1
15957,1
15959,1
15962,1
15975,1
15976,1
15983,1
16011,1
16012,1
16029,1
16059,1
16063,1
16065,1
16072,1
16076,1
16116,1
16134,1
16139,1
16146,1
16186,1
16196,1
16214,1
16215,1
16223,1
16225,1
16234,1
16242,1
16256,1
16294,1
16336,1
16347,1
16360,1
16362,1
16404,1
16405,1
16407,1
16409,1
16410,1
16432,1
16436,1
16438,1
16439,1
16494,1
16498,1
16499,1
16527,1
16547,1
16586,1
16591,1
16603,1
16604,1
16610,1
16632,1
16634,1
16637,1
16661,1
16677,1
16678,1
16722,1
16749,1
16752,1
16777,1
16795,1
16826,1
16827,1
16837,1
16851,1
16852,1
16869,1
16870,1
16884,1
16888,1
16892,1
16899,1
16900,1
16902,1
16939,1
17019,1
17028,1
17056,1
17089,1
17176,1
17219,1
17260,1
17283,1
17284,1
17295,1
17297,1
17304,1
17319,1
17337,1
17341,1
17360,1
17384,1
17387,1
17413,1
17428,1
17448,1
17453,1
17461,1
17466,1
17487,1
17508,1
17523,1
17529,1
17550,1
17557,1
17558,1
17560,1
17563,1
17588,1
17592,1
17593,1
17595,1
17598,1
17619,1
17620,1
17621,1
17623,1
17624,1
17627,1
17628,1
17634,1
17635,1
17636,1
17637,1
17638,1
17651,1
17659,1
17660,1
17662,1
17669,1
17681,1
17692,1
17695,1
17701,1
17703,1
17706,1
17707,1
17733,1
17739,1
17745,1
17749,1
17750,1
17772,1
17774,1
17792,1
17804,1
17814,1
17815,1
17817,1
17819,1
17835,1
17839,1
17854,1
17855,1
17858,1
17860,1
17864,1
17865,1
17873,1
17891,1
17893,1
17896,1
17898,1
17921,1
17922,1
17926,1
17932,1
17942,1
17959,1
17971,1
17973,1
17977,1
17986,1
18003,1
18004,1
18031,1
18057,1
18061,1
18080,1
18092,1
18098,1
18106,1
18134,1
18148,1
18150,1
18184,1
18200,1
18219,1
18231,1
18232,1
18236,1
18239,1
18270,1
18288,1
18290,1
18300,1
18313,1
18332,1
18333,1
18342,1
18352,1
18359,1
18375,1
18414,1
18450,1
18460,1
18475,1
18516,1
18551,1
18552,1
18578,1
18580,1
18607,1
18611,1
18612,1
18637,1
18638,1
18657,1
18677,1
18697,1
18699,1
18702,1
18717,1
18719,1
18733,1
18745,1
18754,1
18756,1
18778,1
18829,1
18836,1
18837,1
18838,1
18844,1
18863,1
18889,1
18894,1
18896,1
18909,1
18910,1
18911,1
18926,1
18938,1
18946,1
18964,1
18987,1
18991,1
18997,1
18999,1
19003,1
19004,1
19013,1
19016,1
19032,1
19044,1
19058,1
19121,1
19127,1
19140,1
19144,1
19145,1
19206,1
19263,1
19271,1
19296,1
19297,1
19365,1
19403,1
19410,1
19411,1
19422,1
19423,1
19429,1
19445,1
19446,1
19462,1
19463,1
19465,1
19479,1
19481,1
19487,1
19508,1
19523,1
19538,1
19543,1
19579,1
19580,1
19581,1
19591,1
19592,1
19598,1
19606,1
19607,1
19617,1
19652,1
19653,1
19658,1
19659,1
19678,1
19683,1
19684,1
19687,1
19688,1
19690,1
19712,1
19718,1
19722,1
19723,1
19724,1
19725,1
19727,1
19751,1
19752,1
19755,1
19759,1
19760,1
19768,1
19769,1
19770,1
19771,1
19783,1
19792,1
19795,1
19801,1
19814,1
19830,1
19831,1
19833,1
19835,1
19837,1
19838,1
19856,1
19864,1
19865,1
19872,1
19877,1
19882,1
19904,1
19906,1
19909,1
19927,1
19936,1
19948,1
19950,1
19951,1
19955,1
19965,1
19976,1
19990,1
19991,1
19999,1
20000,1
20006,1
20029,1
20031,1
20055,1
20056,1
20057,1
20059,1
20065,1
20070,1
20102,1
20104,1
20108,1
20116,1
20119,1
20122,1
20131,1
20132,1
20133,1
20134,1
20138,1
20192,1
20208,1
20225,1
20259,1
20264,1
20267,1
20281,1
20284,1
20287,1
20311,1
20315,1
20347,1
20361,1
20362,1
20366,1
20369,1
20397,1
20398,1
20417,1
20422,1
20428,1
20460,1
20461,1
20470,1
20479,1
20487,1
20499,1
20518,1
20577,1
20583,1
20593,1
20608,1
20649,1
20650,1
20684,1
20685,1
20686,1
20693,1
20706,1
20708,1
20711,1
20734,1
20738,1
20739,1
20765,1
20766,1
20789,1
20831,1
20833,1
20848,1
20849,1
20855,1
20857,1
20863,1
20876,1
20881,1
20886,1
20887,1
20889,1
20923,1
20946,1
20969,1
20970,1
21024,1
21040,1
21069,1
21091,1
21096,1
21115,1
21118,1
21122,1
21132,1
21136,1
21142,1
21145,1
21165,1
21176,1
21178,1
21194,1
21195,1
21208,1
21256,1
21265,1
21277,1
21283,1
21307,1
21345,1
21408,1
21433,1
21517,1
21518,1
21544,1
21553,1
21559,1
21561,1
21570,1
21572,1
21574,1
21592,1
21595,1
21617,1
21630,1
21638,1
21652,1
21653,1
21667,1
21672,1
21678,1
21720,1
21722,1
21728,1
21739,1
21748,1
21751,1
21783,1
21784,1
21785,1
21790,1
21791,1
21792,1
21814,1
21819,1
21823,1
21824,1
21826,1
21850,1
21851,1
21856,1
21857,1
21858,1
21859,1
21860,1
21862,1
21880,1
21884,1
21888,1
21890,1
21891,1
21892,1
21898,1
21899,1
21900,1
21924,1
21926,1
21927,1
21929,1
21933,1
21936,1
21939,1
21967,1
21970,1
21974,1
21976,1
21978,1
21979,1
22001,1
22003,1
22009,1
22020,1
22021,1
22047,1
22049,1
22052,1
22066,1
22087,1
22089,1
22090,1
22092,1
22102,1
22104,1
22127,1
22128,1
22136,1
22137,1
22142,1
22144,1
22159,1
22166,1
22168,1
22196,1
22204,1
22219,1
22240,1
22244,1
22261,1
22279,1
22280,1
22281,1
22288,1
22341,1
22352,1
22376,1
22399,1
22410,1
22415,1
22418,1
22433,1
22435,1
22437,1
22461,1
22466,1
22488,1
22500,1
22514,1
22515,1
22516,1
22519,1
22522,1
22558,1
22578,1
22582,1
22597,1
22627,1
22628,1
22637,1
22642,1
22657,1
22671,1
22701,1
22705,1
22714,1
22732,1
22733,1
22747,1
22763,1
22808,1
22809,1
22814,1
22840,1
22841,1
22842,1
22866,1
22868,1
22895,1
22896,1
22923,1
22984,1
22986,1
23002,1
23003,1
23006,1
23010,1
23013,1
23019,1
23037,1
23043,1
23074,1
23078,1
23125,1
23126,1
23133,1
23198,1
23224,1
23246,1
23249,1
23251,1
23252,1
23273,1
23276,1
23292,1
23301,1
23304,1
23305,1
23321,1
23329,1
23331,1
23347,1
23358,1
23370,1
23407,1
23408,1
23427,1
23433,1
23449,1
23458,1
23491,1
23493,1
23556,1
23582,1
23583,1
23670,1
23671,1
23696,1
23697,1
23707,1
23709,1
23724,1
23725,1
23747,1
23768,1
23769,1
23783,1
23795,1
23798,1
23799,1
23821,1
23824,1
23832,1
23864,1
23873,1
23876,1
23881,1
23901,1
23934,1
23936,1
23940,1
23941,1
23942,1
23943,1
23960,1
23967,1
23973,1
23975,1
23976,1
24005,1
24011,1
24012,1
24014,1
24015,1
24039,1
24040,1
24041,1
24043,1
24046,1
24047,1
24052,1
24053,1
24054,1
24055,1
24077,1
24080,1
24082,1
24089,1
24091,1
24117,1
24118,1
24119,1
24124,1
24126,1
24130,1
24152,1
24155,1
24156,1
24160,1
24167,1
24173,1
24174,1
24197,1
24198,1
24200,1
24201,1
24214,1
24226,1
24236,1
24238,1
24240,1
24242,1
24253,1
24256,1
24261,1
24284,1
24285,1
24290,1
24293,1
24294,1
24299,1
24301,1
24327,1
24328,1
24352,1
24358,1
24361,1
24378,1
24399,1
24403,1
24419,1
24440,1
24441,1
24472,1
24502,1
24516,1
24530,1
24537,1
24546,1
24559,1
24573,1
24577,1
24587,1
24592,1
24593,1
24610,1
24621,1
24626,1
24633,1
24646,1
24669,1
24670,1
24671,1
24678,1
24714,1
24732,1
24733,1
24739,1
24745,1
24756,1
24776,1
24786,1
24787,1
24795,1
24800,1
24816,1
24859,1
24862,1
24880,1
24890,1
24921,1
24964,1
24969,1
25001,1
25028,1
25029,1
25053,1
25054,1
25081,1
25122,1
25162,1
25164,1
25178,1
25200,1
25202,1
25285,1
25286,1
25287,1
25293,1
25346,1
25359,1
25377,1
25396,1
25416,1
25417,1
25438,1
25442,1
25457,1
25458,1
25463,1
25466,1
25468,1
25485,1
25511,1
25532,1
25566,1
25569,1
25591,1
25610,1
25619,1
25651,1
25652,1
25744,1
25745,1
25746,1
25755,1
25832,1
25862,1
25864,1
25871,1
25922,1
25924,1
25925,1
25926,1
25938,1
25945,1
25959,1
25969,1
25972,1
25984,1
25997,1
26006,1
26013,1
26018,1
26036,1
26064,1
26076,1
26085,1
26108,1
26109,1
26115,1
26116,1
26118,1
26138,1
26141,1
26142,1
26143,1
26144,1
26145,1
26146,1
26149,1
26171,1
26174,1
26179,1
26180,1
26182,1
26194,1
26209,1
26211,1
26212,1
26213,1
26217,1
26218,1
26220,1
26221,1
26226,1
26227,1
26245,1
26248,1
26253,1
26255,1
26264,1
26266,1
26285,1
26287,1
26294,1
26296,1
26300,1
26301,1
26303,1
26328,1
26339,1
26343,1
26344,1
26358,1
26372,1
26385,1
26390,1
26414,1
26417,1
26419,1
26435,1
26455,1
26456,1
26457,1
26459,1
26465,1
26471,1
26492,1
26497,1
26523,1
26525,1
26541,1
26547,1
26560,1
26571,1
26603,1
26604,1
26606,1
26624,1
26629,1
26661,1
26670,1
26672,1
26680,1
26692,1
26693,1
26698,1
26707,1
26738,1
26788,1
26792,1
26803,1
26807,1
26827,1
26844,1
26847,1
26861,1
26873,1
26892,1
26893,1
26938,1
26947,1
26949,1
26958,1
26965,1
26971,1
26979,1
27016,1
27048,1
27056,1
27078,1
27121,1
27122,1
27124,1
27126,1
27127,1
27148,1
27153,1
27154,1
27156,1
27157,1
27183,1
27209,1
27213,1
27214,1
27239,1
27260,1
27299,1
27301,1
27306,1
27320,1
27352,1
27358,1
27360,1
27381,1
27440,1
27441,1
27448,1
27473,1
27490,1
27496,1
27500,1
27512,1
27513,1
27542,1
27569,1
27570,1
27589,1
27591,1
27597,1
27607,1
27611,1
27618,1
27620,1
27621,1
27622,1
27623,1
27650,1
27750,1
27751,1
27813,1
27831,1
27897,1
27898,1
27975,1
28002,1
28009,1
28041,1
28059,1
28061,1
28062,1
28064,1
28079,1
28085,1
28100,1
28122,1
28127,1
28138,1
28142,1
28157,1
28161,1
28168,1
28180,1
28181,1
28186,1
28189,1
28191,1
28192,1
28202,1
28203,1
28216,1
28217,1
28225,1
28248,1
28250,1
28251,1
28254,1
28257,1
28258,1
28259,1
28280,1
28283,1
28284,1
28285,1
28287,1
28288,1
28289,1
28291,1
28292,1
28313,1
28321,1
28322,1
28324,1
28328,1
28336,1
28356,1
28357,1
28359,1
28362,1
28363,1
28364,1
28365,1
28366,1
28372,1
28373,1
28390,1
28394,1
28395,1
28401,1
28402,1
28409,1
28423,1
28434,1
28435,1
28438,1
28442,1
28445,1
28448,1
28449,1
28451,1
28467,1
28472,1
28485,1
28489,1
28490,1
28517,1
28519,1
28549,1
28560,1
28565,1
28600,1
28601,1
28602,1
28603,1
28609,1
28614,1
28636,1
28638,1
28642,1
28664,1
28666,1
28668,1
28671,1
28675,1
28680,1
28690,1
28727,1
28730,1
28734,1
28743,1
28744,1
28746,1
28766,1
28800,1
28811,1
28812,1
28819,1
28831,1
28832,1
28835,1
28838,1
28872,1
28883,1
28884,1
28904,1
28933,1
28936,1
28970,1
28983,1
28984,1
28987,1
28990,1
29004,1
29007,1
29017,1
29018,1
29036,1
29037,1
29051,1
29054,1
29061,1
29081,1
29082,1
29094,1
29103,1
29111,1
29116,1
29122,1
29169,1
29200,1
29208,1
29218,1
29273,1
29278,1
29304,1
29305,1
29306,1
29307,1
29333,1
29363,1
29364,1
29390,1
29410,1
29413,1
29451,1
29458,1
29471,1
29472,1
29480,1
29504,1
29511,1
29513,1
29514,1
29516,1
29549,1
29571,1
29595,1
29596,1
29622,1
29625,1
29646,1
29649,1
29664,1
29666,1
29684,1
29694,1
29695,1
29720,1
29721,1
29722,1
29739,1
29740,1
29743,1
29747,1
29767,1
29770,1
29771,1
29773,1
29774,1
29803,1
29829,1
29869,1
29878,1
29903,1
29930,1
29966,1
30053,1
30054,1
30066,1
30134,1
30135,1
30162,1
30182,1
30197,1
30199,1
30219,1
30222,1
30235,1
30247,1
30251,1
30256,1
30259,1
30283,1
30303,1
30317,1
30319,1
30321,1
30331,1
30349,1
30352,1
30354,1
30358,1
30368,1
30369,1
30381,1
30384,1
30408,1
30410,1
30411,1
30412,1
30414,1
30417,1
30418,1
30420,1
30443,1
30447,1
30450,1
30451,1
30453,1
30454,1
30474,1
30479,1
30485,1
30486,1
30488,1
30499,1
30518,1
30519,1
30521,1
30523,1
30526,1
30531,1
30553,1
30555,1
30557,1
30561,1
30564,1
30583,1
30596,1
30599,1
30605,1
30609,1
30611,1
30628,1
30634,1
30635,1
30640,1
30641,1
30646,1
30651,1
30678,1
30682,1
30691,1
30706,1
30716,1
30717,1
30720,1
30721,1
30755,1
30757,1
30758,1
30759,1
30765,1
30770,1
30790,1
30819,1
30827,1
30830,1
30845,1
30862,1
30866,1
30899,1
30900,1
30901,1
30923,1
30954,1
30957,1
30966,1
30967,1
30986,1
30992,1
31005,1
31038,1
31054,1
31056,1
31087,1
31118,1
31133,1
31134,1
31138,1
31141,1
31171,1
31172,1
31194,1
31197,1
31198,1
31207,1
31209,1
31214,1
31258,1
31263,1
31274,1
31317,1
31356,1
31367,1
31381,1
31424,1
31429,1
31452,1
31456,1
31457,1
31459,1
31467,1
31511,1
31512,1
31513,1
31560,1
31597,1
31604,1
31618,1
31619,1
31626,1
31628,1
31647,1
31650,1
31658,1
31687,1
31691,1
31708,1
31738,1
31739,1
31767,1
31768,1
31790,1
31796,1
31807,1
31827,1
31835,1
31862,1
31864,1
31865,1
31866,1
31884,1
31885,1
31887,1
31892,1
31907,1
31916,1
31917,1
31919,1
31946,1
31962,1
31974,1
32009,1
32013,1
32022,1
32044,1
32069,1
32104,1
32180,1
32192,1
32193,1
32206,1
32275,1
32276,1
32299,1
32301,1
32302,1
32308,1
32314,1
32320,1
32322,1
32331,1
32332,1
32355,1
32357,1
32358,1
32371,1
32377,1
32378,1
32383,1
32405,1
32430,1
32442,1
32460,1
32482,1
32500,1
32512,1
32513,1
32518,1
32541,1
32545,1
32548,1
32549,1
32550,1
32551,1
32552,1
32568,1
32576,1
32581,1
32584,1
32585,1
32586,1
32587,1
32614,1
32619,1
32620,1
32621,1
32633,1
32650,1
32651,1
32652,1
32654,1
32657,1
32662,1
32684,1
32688,1
32690,1
32692,1
32703,1
32708,1
32727,1
32730,1
32735,1
32737,1
32740,1
32741,1
32766,1
32767,1
32772,1
32778,1
32784,1
32798,1
32813,1
32814,1
32815,1
32816,1
32820,1
32825,1
32831,1
32853,1
32856,1
32857,1
32860,1
32898,1
32899,1
32901,1
32907,1
32908,1
32914,1
32951,1
32967,1
32973,1
32976,1
32993,1
33005,1
33010,1
33014,1
33021,1
33049,1
33050,1
33108,1
33117,1
33118,1
33138,1
33146,1
33156,1
33185,1
33187,1
33205,1
33206,1
33240,1
33249,1
33291,1
33294,1
33311,1
33324,1
33325,1
33346,1
33353,1
33358,1
33361,1
33389,1
33400,1
33402,1
33410,1
33416,1
33432,1
33444,1
33472,1
33476,1
33495,1
33505,1
33506,1
33536,1
33537,1
33574,1
33575,1
33577,1
33579,1
33580,1
33602,1
33607,1
33609,1
33662,1
33663,1
33664,1
33687,1
33689,1
33712,1
33730,1
33756,1
33770,1
33776,1
33801,1
33802,1
33803,1
33811,1
33828,1
33892,1
33920,1
33922,1
33923,1
33950,1
33963,1
33964,1
33984,1
34003,1
34019,1
34021,1
34022,1
34023,1
34040,1
34041,1
34043,1
34052,1
34062,1
34069,1
34071,1
34073,1
34074,1
34154,1
34173,1
34180,1
34197,1
34221,1
34253,1
34254,1
34255,1
34313,1
34342,1
34343,1
34344,1
34423,1
