ID,bezVodniPlochy
8,1
9,1
14,1
15,1
24,1
25,1
31,1
42,1
43,1
44,1
45,1
46,1
51,1
58,1
65,1
67,1
69,1
78,1
82,1
84,1
89,1
92,1
96,1
98,1
99,1
102,1
107,1
109,1
110,1
111,1
115,1
117,1
118,1
119,1
123,1
128,1
129,1
131,1
134,1
135,1
137,1
141,1
144,1
150,1
155,1
157,1
159,1
161,1
162,1
163,1
167,1
169,1
178,1
181,1
191,1
192,1
194,1
196,1
198,1
201,1
203,1
208,1
209,1
213,1
216,1
219,1
220,1
221,1
224,1
228,1
229,1
231,1
233,1
235,1
236,1
242,1
248,1
252,1
253,1
255,1
258,1
262,1
264,1
265,1
266,1
272,1
281,1
282,1
285,1
291,1
292,1
293,1
294,1
295,1
296,1
297,1
304,1
305,1
319,1
320,1
323,1
324,1
325,1
327,1
332,1
342,1
344,1
351,1
354,1
355,1
356,1
374,1
377,1
379,1
381,1
390,1
392,1
398,1
400,1
407,1
412,1
414,1
426,1
427,1
429,1
431,1
433,1
435,1
438,1
441,1
444,1
454,1
461,1
465,1
467,1
469,1
472,1
477,1
480,1
481,1
483,1
484,1
487,1
488,1
495,1
498,1
503,1
506,1
511,1
514,1
516,1
520,1
521,1
525,1
526,1
527,1
530,1
531,1
536,1
537,1
555,1
556,1
557,1
565,1
569,1
575,1
577,1
580,1
589,1
590,1
596,1
597,1
598,1
599,1
600,1
604,1
608,1
609,1
612,1
613,1
622,1
626,1
628,1
629,1
630,1
631,1
640,1
642,1
645,1
646,1
647,1
650,1
653,1
655,1
656,1
660,1
662,1
664,1
665,1
675,1
679,1
686,1
687,1
690,1
691,1
692,1
694,1
699,1
702,1
708,1
711,1
714,1
715,1
719,1
720,1
721,1
723,1
724,1
726,1
727,1
734,1
735,1
739,1
740,1
745,1
746,1
749,1
750,1
752,1
755,1
756,1
759,1
761,1
762,1
767,1
774,1
776,1
777,1
779,1
782,1
787,1
788,1
792,1
794,1
796,1
798,1
802,1
809,1
812,1
813,1
814,1
819,1
820,1
821,1
824,1
827,1
829,1
830,1
831,1
833,1
834,1
845,1
849,1
855,1
856,1
860,1
864,1
868,1
870,1
871,1
872,1
875,1
877,1
883,1
886,1
887,1
893,1
894,1
902,1
908,1
912,1
914,1
915,1
919,1
920,1
922,1
923,1
924,1
925,1
929,1
934,1
942,1
948,1
950,1
956,1
958,1
962,1
964,1
969,1
970,1
973,1
975,1
990,1
992,1
999,1
1000,1
1003,1
1006,1
1007,1
1009,1
1013,1
1014,1
1017,1
1021,1
1022,1
1023,1
1024,1
1025,1
1029,1
1030,1
1032,1
1038,1
1040,1
1042,1
1044,1
1053,1
1057,1
1059,1
1063,1
1064,1
1065,1
1066,1
1070,1
1071,1
1074,1
1078,1
1080,1
1081,1
1084,1
1085,1
1087,1
1090,1
1092,1
1097,1
1100,1
1102,1
1108,1
1112,1
1125,1
1126,1
1131,1
1134,1
1139,1
1143,1
1149,1
1161,1
1163,1
1164,1
1169,1
1170,1
1173,1
1175,1
1177,1
1179,1
1180,1
1182,1
1184,1
1185,1
1186,1
1187,1
1188,1
1191,1
1195,1
1196,1
1201,1
1205,1
1207,1
1208,1
1213,1
1214,1
1216,1
1217,1
1218,1
1223,1
1227,1
1232,1
1233,1
1237,1
1245,1
1246,1
1261,1
1266,1
1270,1
1271,1
1275,1
1277,1
1280,1
1282,1
1283,1
1284,1
1285,1
1290,1
1291,1
1296,1
1297,1
1301,1
1302,1
1304,1
1307,1
1315,1
1336,1
1338,1
1340,1
1344,1
1345,1
1354,1
1358,1
1359,1
1360,1
1373,1
1374,1
1377,1
1380,1
1384,1
1387,1
1388,1
1390,1
1394,1
1397,1
1400,1
1404,1
1406,1
1407,1
1408,1
1412,1
1413,1
1414,1
1415,1
1417,1
1422,1
1435,1
1438,1
1444,1
1451,1
1452,1
1456,1
1463,1
1465,1
1468,1
1469,1
1471,1
1473,1
1483,1
1496,1
1500,1
1501,1
1505,1
1507,1
1510,1
1515,1
1517,1
1518,1
1525,1
1528,1
1529,1
1530,1
1531,1
1535,1
1536,1
1541,1
1544,1
1547,1
1548,1
1554,1
1555,1
1556,1
1562,1
1576,1
1577,1
1578,1
1579,1
1583,1
1586,1
1587,1
1593,1
1594,1
1597,1
1602,1
1603,1
1608,1
1609,1
1618,1
1619,1
1620,1
1622,1
1625,1
1629,1
1630,1
1633,1
1634,1
1636,1
1637,1
1639,1
1640,1
1649,1
1651,1
1652,1
1663,1
1664,1
1669,1
1670,1
1671,1
1672,1
1673,1
1678,1
1679,1
1682,1
1684,1
1688,1
1689,1
1690,1
1691,1
1692,1
1694,1
1698,1
1701,1
1704,1
1706,1
1707,1
1709,1
1710,1
1712,1
1717,1
1718,1
1719,1
1720,1
1726,1
1728,1
1732,1
1733,1
1736,1
1739,1
1746,1
1751,1
1762,1
1768,1
1769,1
1772,1
1773,1
1778,1
1779,1
1781,1
1782,1
1784,1
1785,1
1787,1
1790,1
1791,1
1796,1
1799,1
1807,1
1820,1
1824,1
1826,1
1827,1
1828,1
1831,1
1832,1
1839,1
1847,1
1848,1
1850,1
1858,1
1861,1
1863,1
1870,1
1886,1
1887,1
1889,1
1894,1
1895,1
1897,1
1899,1
1900,1
1902,1
1906,1
1924,1
1931,1
1933,1
1934,1
1935,1
1937,1
1938,1
1939,1
1941,1
1944,1
1949,1
1953,1
1954,1
1959,1
1961,1
1963,1
1964,1
1966,1
1969,1
1979,1
1980,1
1981,1
1988,1
1991,1
1992,1
1994,1
2004,1
2011,1
2012,1
2016,1
2023,1
2029,1
2032,1
2035,1
2036,1
2045,1
2052,1
2055,1
2056,1
2068,1
2073,1
2075,1
2076,1
2080,1
2081,1
2085,1
2086,1
2090,1
2103,1
2104,1
2106,1
2107,1
2112,1
2114,1
2115,1
2116,1
2119,1
2131,1
2135,1
2138,1
2145,1
2151,1
2155,1
2156,1
2164,1
2179,1
2182,1
2184,1
2185,1
2189,1
2202,1
2204,1
2205,1
2206,1
2208,1
2219,1
2227,1
2228,1
2230,1
2239,1
2244,1
2246,1
2247,1
2248,1
2252,1
2254,1
2255,1
2258,1
2261,1
2262,1
2266,1
2268,1
2271,1
2273,1
2278,1
2283,1
2284,1
2285,1
2292,1
2293,1
2297,1
2300,1
2303,1
2311,1
2318,1
2323,1
2326,1
2328,1
2330,1
2331,1
2332,1
2334,1
2339,1
2341,1
2349,1
2352,1
2355,1
2356,1
2359,1
2360,1
2361,1
2369,1
2371,1
2372,1
2374,1
2385,1
2387,1
2388,1
2391,1
2393,1
2395,1
2400,1
2401,1
2403,1
2405,1
2407,1
2408,1
2415,1
2419,1
2420,1
2421,1
2425,1
2435,1
2436,1
2438,1
2453,1
2456,1
2461,1
2462,1
2463,1
2464,1
2465,1
2466,1
2467,1
2472,1
2474,1
2491,1
2492,1
2493,1
2494,1
2495,1
2497,1
2503,1
2511,1
2524,1
2526,1
2528,1
2529,1
2548,1
2561,1
2562,1
2570,1
2573,1
2576,1
2581,1
2584,1
2585,1
2586,1
2587,1
2598,1
2603,1
2606,1
2610,1
2614,1
2617,1
2619,1
2621,1
2633,1
2636,1
2637,1
2642,1
2647,1
2648,1
2651,1
2653,1
2654,1
2656,1
2659,1
2660,1
2666,1
2668,1
2674,1
2677,1
2683,1
2686,1
2687,1
2689,1
2693,1
2694,1
2700,1
2701,1
2704,1
2710,1
2720,1
2727,1
2730,1
2735,1
2736,1
2737,1
2738,1
2739,1
2742,1
2748,1
2751,1
2755,1
2757,1
2758,1
2760,1
2767,1
2768,1
2769,1
2770,1
2771,1
2776,1
2778,1
2781,1
2790,1
2793,1
2794,1
2796,1
2797,1
2798,1
2800,1
2803,1
2806,1
2808,1
2809,1
2810,1
2811,1
2812,1
2815,1
2816,1
2823,1
2824,1
2826,1
2832,1
2834,1
2839,1
2844,1
2846,1
2855,1
2856,1
2857,1
2858,1
2859,1
2861,1
2862,1
2865,1
2866,1
2875,1
2876,1
2882,1
2884,1
2885,1
2888,1
2890,1
2891,1
2893,1
2894,1
2904,1
2905,1
2910,1
2913,1
2916,1
2918,1
2919,1
2920,1
2925,1
2930,1
2937,1
2938,1
2943,1
2944,1
2946,1
2947,1
2957,1
2961,1
2963,1
2964,1
2965,1
2967,1
2971,1
2973,1
2976,1
2977,1
2981,1
2984,1
2985,1
2986,1
2990,1
2991,1
2992,1
2995,1
2998,1
2999,1
3002,1
3003,1
3004,1
3006,1
3007,1
3011,1
3015,1
3019,1
3021,1
3025,1
3029,1
3033,1
3036,1
3037,1
3038,1
3040,1
3042,1
3045,1
3046,1
3052,1
3054,1
3064,1
3066,1
3073,1
3077,1
3080,1
3081,1
3084,1
3085,1
3089,1
3090,1
3092,1
3095,1
3096,1
3100,1
3102,1
3110,1
3112,1
3126,1
3129,1
3130,1
3133,1
3137,1
3141,1
3142,1
3143,1
3157,1
3160,1
3167,1
3168,1
3171,1
3176,1
3183,1
3185,1
3186,1
3187,1
3190,1
3191,1
3192,1
3195,1
3197,1
3200,1
3203,1
3205,1
3211,1
3212,1
3216,1
3219,1
3221,1
3224,1
3227,1
3230,1
3231,1
3233,1
3234,1
3240,1
3241,1
3246,1
3253,1
3254,1
3256,1
3257,1
3259,1
3262,1
3274,1
3278,1
3279,1
3280,1
3289,1
3295,1
3296,1
3300,1
3301,1
3304,1
3313,1
3315,1
3316,1
3321,1
3330,1
3336,1
3337,1
3345,1
3347,1
3348,1
3351,1
3352,1
3354,1
3355,1
3356,1
3358,1
3360,1
3361,1
3362,1
3363,1
3369,1
3370,1
3371,1
3376,1
3381,1
3382,1
3383,1
3388,1
3389,1
3391,1
3392,1
3393,1
3395,1
3397,1
3413,1
3419,1
3420,1
3422,1
3424,1
3427,1
3428,1
3437,1
3443,1
3446,1
3448,1
3450,1
3452,1
3454,1
3456,1
3457,1
3459,1
3460,1
3462,1
3463,1
3466,1
3471,1
3475,1
3476,1
3477,1
3479,1
3489,1
3507,1
3508,1
3511,1
3512,1
3513,1
3515,1
3519,1
3525,1
3529,1
3532,1
3533,1
3535,1
3546,1
3548,1
3557,1
3558,1
3560,1
3561,1
3562,1
3565,1
3570,1
3574,1
3576,1
3577,1
3580,1
3581,1
3582,1
3588,1
3589,1
3590,1
3594,1
3597,1
3607,1
3608,1
3610,1
3613,1
3625,1
3628,1
3642,1
3645,1
3646,1
3647,1
3650,1
3657,1
3662,1
3672,1
3676,1
3677,1
3681,1
3683,1
3685,1
3686,1
3698,1
3699,1
3701,1
3703,1
3704,1
3705,1
3707,1
3708,1
3720,1
3726,1
3728,1
3731,1
3733,1
3739,1
3749,1
3750,1
3751,1
3755,1
3759,1
3766,1
3767,1
3770,1
3771,1
3777,1
3782,1
3784,1
3785,1
3794,1
3795,1
3799,1
3800,1
3801,1
3804,1
3805,1
3809,1
3810,1
3811,1
3814,1
3816,1
3817,1
3823,1
3825,1
3826,1
3835,1
3836,1
3837,1
3838,1
3840,1
3842,1
3843,1
3844,1
3845,1
3850,1
3851,1
3854,1
3856,1
3861,1
3862,1
3863,1
3864,1
3869,1
3872,1
3874,1
3876,1
3877,1
3880,1
3881,1
3882,1
3884,1
3885,1
3889,1
3890,1
3891,1
3892,1
3893,1
3895,1
3898,1
3901,1
3902,1
3904,1
3907,1
3910,1
3917,1
3918,1
3919,1
3923,1
3928,1
3929,1
3935,1
3936,1
3939,1
3946,1
3947,1
3949,1
3950,1
3952,1
3953,1
3955,1
3958,1
3959,1
3963,1
3967,1
3976,1
3983,1
3989,1
3990,1
3995,1
3996,1
4000,1
4002,1
4014,1
4015,1
4016,1
4017,1
4019,1
4025,1
4027,1
4028,1
4030,1
4040,1
4043,1
4053,1
4054,1
4057,1
4062,1
4063,1
4064,1
4065,1
4066,1
4068,1
4069,1
4071,1
4073,1
4089,1
4098,1
4099,1
4100,1
4102,1
4103,1
4106,1
4110,1
4116,1
4120,1
4127,1
4128,1
4131,1
4132,1
4134,1
4137,1
4144,1
4145,1
4146,1
4147,1
4153,1
4157,1
4162,1
4163,1
4172,1
4177,1
4178,1
4181,1
4187,1
4190,1
4192,1
4193,1
4200,1
4214,1
4217,1
4222,1
4225,1
4234,1
4239,1
4241,1
4242,1
4251,1
4252,1
4254,1
4269,1
4270,1
4271,1
4275,1
4276,1
4278,1
4279,1
4293,1
4301,1
4307,1
4312,1
4316,1
4318,1
4322,1
4323,1
4327,1
4329,1
4335,1
4337,1
4340,1
4341,1
4351,1
4356,1
4359,1
4360,1
4362,1
4364,1
4372,1
4380,1
4381,1
4393,1
4397,1
4399,1
4401,1
4402,1
4404,1
4407,1
4413,1
4416,1
4423,1
4429,1
4432,1
4436,1
4440,1
4442,1
4445,1
4450,1
4451,1
4454,1
4456,1
4457,1
4458,1
4464,1
4472,1
4479,1
4481,1
4482,1
4484,1
4485,1
4486,1
4487,1
4491,1
4492,1
4494,1
4498,1
4502,1
4503,1
4504,1
4505,1
4509,1
4512,1
4513,1
4521,1
4522,1
4524,1
4526,1
4530,1
4538,1
4539,1
4541,1
4542,1
4543,1
4549,1
4550,1
4553,1
4554,1
4556,1
4558,1
4560,1
4561,1
4566,1
4569,1
4570,1
4572,1
4573,1
4578,1
4580,1
4582,1
4583,1
4584,1
4602,1
4604,1
4605,1
4610,1
4611,1
4612,1
4613,1
4614,1
4615,1
4623,1
4637,1
4639,1
4640,1
4641,1
4642,1
4643,1
4651,1
4652,1
4659,1
4675,1
4677,1
4681,1
4698,1
4700,1
4715,1
4716,1
4717,1
4726,1
4727,1
4738,1
4740,1
4741,1
4747,1
4754,1
4757,1
4759,1
4762,1
4763,1
4766,1
4775,1
4782,1
4784,1
4786,1
4792,1
4794,1
4795,1
4798,1
4803,1
4807,1
4808,1
4814,1
4815,1
4817,1
4819,1
4822,1
4824,1
4827,1
4830,1
4831,1
4836,1
4837,1
4840,1
4843,1
4850,1
4854,1
4872,1
4877,1
4880,1
4883,1
4885,1
4888,1
4889,1
4892,1
4895,1
4896,1
4897,1
4899,1
4905,1
4906,1
4910,1
4913,1
4914,1
4915,1
4917,1
4920,1
4921,1
4923,1
4924,1
4926,1
4933,1
4934,1
4935,1
4937,1
4941,1
4946,1
4947,1
4948,1
4949,1
4950,1
4951,1
4957,1
4959,1
4960,1
4963,1
4973,1
4974,1
4975,1
4981,1
4986,1
4995,1
4997,1
5000,1
5005,1
5006,1
5008,1
5009,1
5011,1
5012,1
5016,1
5018,1
5023,1
5025,1
5032,1
5034,1
5035,1
5038,1
5042,1
5045,1
5052,1
5053,1
5059,1
5062,1
5065,1
5067,1
5068,1
5069,1
5074,1
5076,1
5077,1
5078,1
5080,1
5082,1
5084,1
5085,1
5090,1
5092,1
5093,1
5095,1
5101,1
5104,1
5108,1
5109,1
5111,1
5113,1
5116,1
5122,1
5128,1
5129,1
5130,1
5133,1
5135,1
5136,1
5144,1
5145,1
5148,1
5149,1
5150,1
5152,1
5153,1
5156,1
5157,1
5159,1
5161,1
5165,1
5169,1
5171,1
5175,1
5176,1
5183,1
5184,1
5185,1
5192,1
5196,1
5202,1
5212,1
5213,1
5214,1
5225,1
5228,1
5232,1
5233,1
5234,1
5235,1
5236,1
5240,1
5244,1
5247,1
5251,1
5252,1
5263,1
5273,1
5277,1
5280,1
5284,1
5285,1
5288,1
5289,1
5293,1
5298,1
5308,1
5314,1
5319,1
5321,1
5325,1
5326,1
5332,1
5335,1
5337,1
5338,1
5339,1
5341,1
5343,1
5349,1
5352,1
5353,1
5354,1
5357,1
5358,1
5360,1
5364,1
5366,1
5368,1
5371,1
5372,1
5376,1
5377,1
5380,1
5381,1
5383,1
5386,1
5391,1
5392,1
5398,1
5399,1
5402,1
5405,1
5419,1
5423,1
5425,1
5428,1
5435,1
5443,1
5444,1
5447,1
5448,1
5451,1
5453,1
5464,1
5467,1
5476,1
5483,1
5488,1
5489,1
5498,1
5501,1
5504,1
5505,1
5506,1
5508,1
5509,1
5511,1
5513,1
5517,1
5522,1
5523,1
5530,1
5531,1
5532,1
5535,1
5536,1
5538,1
5539,1
5540,1
5542,1
5546,1
5549,1
5552,1
5555,1
5562,1
5568,1
5570,1
5574,1
5576,1
5577,1
5587,1
5593,1
5596,1
5598,1
5600,1
5604,1
5606,1
5607,1
5608,1
5609,1
5610,1
5611,1
5612,1
5615,1
5621,1
5622,1
5625,1
5628,1
5629,1
5631,1
5642,1
5643,1
5658,1
5659,1
5662,1
5663,1
5665,1
5667,1
5673,1
5677,1
5678,1
5680,1
5682,1
5683,1
5684,1
5685,1
5687,1
5697,1
5698,1
5701,1
5709,1
5710,1
5712,1
5713,1
5714,1
5716,1
5722,1
5727,1
5729,1
5733,1
5735,1
5736,1
5741,1
5742,1
5743,1
5748,1
5760,1
5761,1
5763,1
5771,1
5773,1
5777,1
5779,1
5782,1
5785,1
5787,1
5788,1
5789,1
5794,1
5799,1
5800,1
5801,1
5802,1
5803,1
5811,1
5816,1
5825,1
5829,1
5830,1
5831,1
5838,1
5839,1
5841,1
5852,1
5855,1
5856,1
5857,1
5859,1
5861,1
5865,1
5873,1
5876,1
5878,1
5879,1
5881,1
5884,1
5886,1
5891,1
5892,1
5898,1
5900,1
5901,1
5902,1
5904,1
5906,1
5911,1
5917,1
5918,1
5925,1
5927,1
5932,1
5934,1
5936,1
5945,1
5947,1
5948,1
5949,1
5950,1
5951,1
5954,1
5955,1
5957,1
5961,1
5965,1
5966,1
5969,1
5971,1
5974,1
5975,1
5976,1
5978,1
5985,1
5986,1
5989,1
5990,1
5992,1
5993,1
5994,1
5995,1
6000,1
6001,1
6004,1
6006,1
6009,1
6010,1
6011,1
6012,1
6019,1
6020,1
6023,1
6026,1
6028,1
6030,1
6032,1
6036,1
6038,1
6039,1
6040,1
6043,1
6048,1
6050,1
6051,1
6062,1
6064,1
6066,1
6068,1
6069,1
6070,1
6078,1
6079,1
6087,1
6091,1
6095,1
6097,1
6098,1
6100,1
6102,1
6103,1
6105,1
6106,1
6107,1
6109,1
6113,1
6116,1
6117,1
6118,1
6124,1
6126,1
6138,1
6140,1
6141,1
6143,1
6145,1
6150,1
6154,1
6169,1
6170,1
6171,1
6172,1
6173,1
6179,1
6181,1
6182,1
6185,1
6194,1
6203,1
6206,1
6207,1
6209,1
6213,1
6217,1
6218,1
6219,1
6220,1
6221,1
6223,1
6224,1
6229,1
6231,1
6233,1
6239,1
6245,1
6247,1
6253,1
6254,1
6255,1
6257,1
6258,1
6261,1
6264,1
6265,1
6277,1
6286,1
6287,1
6289,1
6292,1
6295,1
6304,1
6305,1
6306,1
6309,1
6312,1
6316,1
6321,1
6322,1
6330,1
6335,1
6345,1
6347,1
6349,1
6353,1
6357,1
6358,1
6368,1
6373,1
6375,1
6378,1
6382,1
6383,1
6389,1
6390,1
6398,1
6400,1
6402,1
6403,1
6406,1
6407,1
6409,1
6426,1
6428,1
6430,1
6433,1
6434,1
6438,1
6447,1
6457,1
6461,1
6472,1
6474,1
6480,1
6485,1
6486,1
6487,1
6488,1
6492,1
6494,1
6496,1
6503,1
6509,1
6512,1
6516,1
6517,1
6519,1
6522,1
6523,1
6528,1
6529,1
6537,1
6539,1
6547,1
6552,1
6553,1
6556,1
6557,1
6560,1
6561,1
6565,1
6568,1
6571,1
6575,1
6581,1
6584,1
6588,1
6591,1
6592,1
6596,1
6601,1
6602,1
6606,1
6607,1
6608,1
6610,1
6616,1
6622,1
6627,1
6629,1
6631,1
6633,1
6634,1
6635,1
6636,1
6640,1
6641,1
6648,1
6652,1
6653,1
6655,1
6661,1
6665,1
6666,1
6668,1
6671,1
6674,1
6675,1
6676,1
6680,1
6681,1
6686,1
6687,1
6689,1
6690,1
6691,1
6692,1
6696,1
6700,1
6701,1
6703,1
6708,1
6709,1
6710,1
6716,1
6723,1
6725,1
6726,1
6731,1
6734,1
6736,1
6737,1
6742,1
6752,1
6755,1
6761,1
6763,1
6764,1
6765,1
6773,1
6775,1
6790,1
6792,1
6793,1
6794,1
6797,1
6812,1
6821,1
6824,1
6825,1
6826,1
6839,1
6840,1
6845,1
6853,1
6861,1
6866,1
6867,1
6870,1
6871,1
6883,1
6895,1
6897,1
6898,1
6901,1
6903,1
6908,1
6910,1
6912,1
6916,1
6919,1
6920,1
6926,1
6930,1
6933,1
6938,1
6940,1
6941,1
6944,1
6947,1
6948,1
6951,1
6953,1
6957,1
6959,1
6960,1
6962,1
6967,1
6969,1
6971,1
6973,1
6974,1
6977,1
6979,1
6985,1
6989,1
6990,1
6991,1
6994,1
6999,1
7000,1
7001,1
7003,1
7010,1
7019,1
7021,1
7024,1
7031,1
7033,1
7037,1
7038,1
7039,1
7041,1
7043,1
7050,1
7053,1
7054,1
7058,1
7060,1
7061,1
7063,1
7064,1
7073,1
7075,1
7077,1
7078,1
7082,1
7086,1
7088,1
7090,1
7092,1
7101,1
7104,1
7105,1
7108,1
7118,1
7119,1
7120,1
7121,1
7125,1
7127,1
7130,1
7133,1
7134,1
7140,1
7142,1
7143,1
7146,1
7147,1
7148,1
7150,1
7151,1
7155,1
7158,1
7160,1
7161,1
7167,1
7168,1
7171,1
7173,1
7174,1
7175,1
7176,1
7178,1
7179,1
7180,1
7192,1
7194,1
7196,1
7197,1
7199,1
7202,1
7203,1
7207,1
7209,1
7212,1
7217,1
7219,1
7220,1
7221,1
7223,1
7225,1
7230,1
7232,1
7234,1
7241,1
7245,1
7249,1
7250,1
7253,1
7254,1
7258,1
7259,1
7263,1
7265,1
7269,1
7270,1
7271,1
7272,1
7277,1
7279,1
7288,1
7290,1
7292,1
7293,1
7297,1
7300,1
7301,1
7304,1
7308,1
7312,1
7313,1
7314,1
7319,1
7321,1
7325,1
7326,1
7327,1
7328,1
7332,1
7335,1
7336,1
7340,1
7341,1
7348,1
7349,1
7358,1
7365,1
7370,1
7372,1
7373,1
7384,1
7385,1
7386,1
7389,1
7401,1
7403,1
7405,1
7411,1
7413,1
7416,1
7419,1
7423,1
7428,1
7429,1
7430,1
7431,1
7433,1
7436,1
7441,1
7456,1
7458,1
7459,1
7462,1
7464,1
7472,1
7475,1
7476,1
7477,1
7479,1
7484,1
7486,1
7492,1
7496,1
7500,1
7502,1
7505,1
7507,1
7512,1
7515,1
7516,1
7519,1
7523,1
7524,1
7526,1
7529,1
7533,1
7536,1
7540,1
7542,1
7546,1
7553,1
7557,1
7560,1
7567,1
7573,1
7584,1
7585,1
7586,1
7587,1
7589,1
7591,1
7595,1
7596,1
7601,1
7606,1
7618,1
7621,1
7622,1
7629,1
7632,1
7635,1
7638,1
7639,1
7641,1
7642,1
7643,1
7644,1
7645,1
7646,1
7648,1
7652,1
7657,1
7665,1
7666,1
7667,1
7669,1
7670,1
7671,1
7673,1
7674,1
7675,1
7684,1
7689,1
7690,1
7694,1
7701,1
7703,1
7709,1
7710,1
7718,1
7730,1
7731,1
7735,1
7737,1
7738,1
7740,1
7742,1
7745,1
7747,1
7749,1
7750,1
7751,1
7755,1
7756,1
7757,1
7762,1
7767,1
7775,1
7792,1
7794,1
7797,1
7800,1
7802,1
7803,1
7811,1
7814,1
7815,1
7817,1
7818,1
7819,1
7822,1
7832,1
7833,1
7836,1
7844,1
7845,1
7847,1
7848,1
7851,1
7855,1
7860,1
7862,1
7865,1
7867,1
7869,1
7870,1
7875,1
7876,1
7877,1
7895,1
7896,1
7906,1
7910,1
7912,1
7917,1
7921,1
7923,1
7926,1
7931,1
7932,1
7934,1
7935,1
7938,1
7945,1
7953,1
7955,1
7958,1
7963,1
7968,1
7969,1
7972,1
7973,1
7974,1
7976,1
7982,1
7986,1
7987,1
7988,1
7989,1
7993,1
8003,1
8004,1
8006,1
8007,1
8009,1
8010,1
8017,1
8022,1
8024,1
8030,1
8032,1
8033,1
8036,1
8037,1
8038,1
8042,1
8043,1
8048,1
8049,1
8058,1
8060,1
8065,1
8067,1
8068,1
8077,1
8078,1
8079,1
8080,1
8081,1
8083,1
8084,1
8087,1
8088,1
8090,1
8092,1
8095,1
8097,1
8098,1
8099,1
8104,1
8105,1
8106,1
8109,1
8110,1
8111,1
8113,1
8119,1
8122,1
8126,1
8128,1
8129,1
8130,1
8131,1
8132,1
8133,1
8137,1
8139,1
8141,1
8145,1
8147,1
8148,1
8149,1
8151,1
8156,1
8158,1
8160,1
8164,1
8167,1
8169,1
8173,1
8175,1
8176,1
8177,1
8183,1
8186,1
8190,1
8191,1
8195,1
8199,1
8201,1
8204,1
8207,1
8216,1
8224,1
8225,1
8228,1
8232,1
8234,1
8235,1
8237,1
8239,1
8240,1
8241,1
8250,1
8254,1
8263,1
8281,1
8283,1
8286,1
8289,1
8291,1
8293,1
8299,1
8307,1
8308,1
8311,1
8315,1
8319,1
8320,1
8322,1
8323,1
8326,1
8328,1
8332,1
8343,1
8344,1
8345,1
8347,1
8348,1
8353,1
8354,1
8356,1
8357,1
8358,1
8359,1
8361,1
8364,1
8366,1
8367,1
8385,1
8387,1
8392,1
8393,1
8394,1
8396,1
8397,1
8400,1
8405,1
8413,1
8417,1
8418,1
8425,1
8426,1
8427,1
8428,1
8432,1
8443,1
8444,1
8445,1
8456,1
8457,1
8462,1
8474,1
8475,1
8486,1
8489,1
8490,1
8492,1
8494,1
8498,1
8499,1
8509,1
8513,1
8515,1
8516,1
8517,1
8518,1
8528,1
8535,1
8538,1
8539,1
8543,1
8544,1
8545,1
8547,1
8565,1
8569,1
8572,1
8573,1
8574,1
8588,1
8589,1
8599,1
8612,1
8616,1
8617,1
8622,1
8623,1
8633,1
8635,1
8636,1
8637,1
8648,1
8654,1
8656,1
8657,1
8658,1
8663,1
8664,1
8673,1
8676,1
8678,1
8681,1
8689,1
8693,1
8695,1
8701,1
8707,1
8708,1
8710,1
8711,1
8715,1
8716,1
8718,1
8721,1
8722,1
8723,1
8725,1
8731,1
8732,1
8737,1
8742,1
8746,1
8749,1
8750,1
8758,1
8759,1
8762,1
8769,1
8770,1
8772,1
8774,1
8776,1
8777,1
8778,1
8782,1
8791,1
8793,1
8794,1
8797,1
8800,1
8803,1
8804,1
8805,1
8807,1
8812,1
8813,1
8817,1
8828,1
8829,1
8831,1
8832,1
8834,1
8838,1
8839,1
8841,1
8842,1
8845,1
8846,1
8847,1
8851,1
8855,1
8856,1
8857,1
8860,1
8862,1
8866,1
8870,1
8872,1
8873,1
8875,1
8881,1
8889,1
8892,1
8895,1
8897,1
8900,1
8901,1
8908,1
8909,1
8911,1
8923,1
8924,1
8928,1
8929,1
8931,1
8932,1
8937,1
8940,1
8941,1
8943,1
8944,1
8949,1
8950,1
8952,1
8953,1
8958,1
8959,1
8961,1
8962,1
8963,1
8965,1
8970,1
8989,1
8997,1
8999,1
9006,1
9007,1
9014,1
9018,1
9019,1
9021,1
9031,1
9032,1
9039,1
9041,1
9044,1
9048,1
9051,1
9059,1
9061,1
9067,1
9069,1
9074,1
9076,1
9077,1
9084,1
9093,1
9095,1
9096,1
9098,1
9102,1
9105,1
9106,1
9109,1
9111,1
9119,1
9124,1
9127,1
9128,1
9129,1
9136,1
9137,1
9141,1
9145,1
9146,1
9153,1
9156,1
9158,1
9162,1
9163,1
9164,1
9170,1
9174,1
9176,1
9187,1
9188,1
9196,1
9202,1
9203,1
9205,1
9206,1
9207,1
9209,1
9214,1
9217,1
9218,1
9221,1
9233,1
9234,1
9235,1
9236,1
9244,1
9245,1
9248,1
9251,1
9255,1
9256,1
9257,1
9259,1
9266,1
9268,1
9269,1
9272,1
9273,1
9276,1
9278,1
9279,1
9282,1
9285,1
9291,1
9292,1
9298,1
9299,1
9300,1
9301,1
9302,1
9303,1
9304,1
9307,1
9309,1
9310,1
9311,1
9313,1
9316,1
9317,1
9321,1
9324,1
9328,1
9330,1
9331,1
9333,1
9334,1
9339,1
9340,1
9342,1
9344,1
9347,1
9349,1
9350,1
9352,1
9353,1
9354,1
9355,1
9357,1
9359,1
9360,1
9362,1
9364,1
9365,1
9368,1
9371,1
9380,1
9381,1
9383,1
9386,1
9388,1
9399,1
9401,1
9403,1
9408,1
9413,1
9416,1
9417,1
9418,1
9419,1
9421,1
9427,1
9430,1
9431,1
9435,1
9439,1
9440,1
9445,1
9450,1
9453,1
9454,1
9456,1
9461,1
9463,1
9468,1
9469,1
9474,1
9475,1
9477,1
9478,1
9480,1
9481,1
9484,1
9491,1
9506,1
9508,1
9509,1
9515,1
9516,1
9519,1
9520,1
9521,1
9525,1
9527,1
9530,1
9531,1
9535,1
9536,1
9538,1
9542,1
9550,1
9552,1
9553,1
9559,1
9563,1
9566,1
9568,1
9570,1
9572,1
9573,1
9575,1
9576,1
9579,1
9582,1
9586,1
9588,1
9596,1
9598,1
9604,1
9605,1
9606,1
9607,1
9611,1
9613,1
9618,1
9623,1
9628,1
9629,1
9631,1
9636,1
9640,1
9646,1
9649,1
9661,1
9666,1
9672,1
9676,1
9678,1
9684,1
9685,1
9687,1
9694,1
9696,1
9698,1
9699,1
9700,1
9701,1
9704,1
9708,1
9710,1
9714,1
9715,1
9720,1
9724,1
9725,1
9740,1
9741,1
9742,1
9744,1
9745,1
9747,1
9750,1
9759,1
9765,1
9780,1
9782,1
9788,1
9794,1
9795,1
9797,1
9798,1
9800,1
9801,1
9802,1
9803,1
9807,1
9814,1
9820,1
9821,1
9825,1
9826,1
9828,1
9829,1
9830,1
9832,1
9836,1
9841,1
9843,1
9855,1
9856,1
9857,1
9864,1
9865,1
9871,1
9876,1
9881,1
9883,1
9888,1
9889,1
9891,1
9893,1
9894,1
9898,1
9906,1
9907,1
9908,1
9920,1
9939,1
9940,1
9942,1
9945,1
9947,1
9948,1
9949,1
9950,1
9955,1
9959,1
9961,1
9962,1
9963,1
9974,1
9975,1
9976,1
9978,1
9979,1
9985,1
9986,1
9990,1
9992,1
9996,1
9998,1
10000,1
10001,1
10002,1
10005,1
10007,1
10014,1
10015,1
10017,1
10019,1
10020,1
10021,1
10033,1
10034,1
10035,1
10037,1
10043,1
10046,1
10051,1
10055,1
10060,1
10065,1
10067,1
10068,1
10071,1
10073,1
10074,1
10083,1
10090,1
10099,1
10101,1
10103,1
10107,1
10109,1
10111,1
10112,1
10116,1
10120,1
10126,1
10131,1
10132,1
10133,1
10139,1
10140,1
10155,1
10156,1
10158,1
10160,1
10167,1
10171,1
10178,1
10179,1
10182,1
10190,1
10191,1
10194,1
10195,1
10198,1
10201,1
10203,1
10209,1
10212,1
10220,1
10221,1
10222,1
10223,1
10224,1
10226,1
10227,1
10228,1
10229,1
10231,1
10232,1
10237,1
10240,1
10241,1
10244,1
10245,1
10247,1
10249,1
10252,1
10253,1
10255,1
10261,1
10268,1
10269,1
10270,1
10272,1
10273,1
10274,1
10275,1
10276,1
10285,1
10286,1
10288,1
10289,1
10299,1
10302,1
10308,1
10309,1
10311,1
10312,1
10313,1
10314,1
10318,1
10319,1
10320,1
10321,1
10322,1
10324,1
10328,1
10331,1
10332,1
10333,1
10335,1
10339,1
10342,1
10343,1
10351,1
10352,1
10363,1
10364,1
10368,1
10370,1
10372,1
10374,1
10377,1
10378,1
10379,1
10381,1
10384,1
10385,1
10387,1
10388,1
10389,1
10394,1
10396,1
10398,1
10406,1
10408,1
10414,1
10424,1
10425,1
10426,1
10427,1
10428,1
10430,1
10432,1
10433,1
10442,1
10450,1
10452,1
10453,1
10460,1
10463,1
10467,1
10473,1
10475,1
10487,1
10490,1
10491,1
10498,1
10499,1
10500,1
10501,1
10502,1
10503,1
10504,1
10506,1
10515,1
10527,1
10530,1
10532,1
10534,1
10538,1
10539,1
10540,1
10543,1
10544,1
10547,1
10548,1
10555,1
10567,1
10568,1
10569,1
10571,1
10573,1
10575,1
10585,1
10586,1
10596,1
10597,1
10599,1
10600,1
10608,1
10615,1
10616,1
10620,1
10632,1
10636,1
10639,1
10641,1
10643,1
10661,1
10665,1
10666,1
10668,1
10670,1
10683,1
10686,1
10689,1
10690,1
10695,1
10699,1
10700,1
10715,1
10716,1
10718,1
10721,1
10723,1
10724,1
10725,1
10730,1
10744,1
10752,1
10753,1
10761,1
10767,1
10768,1
10773,1
10776,1
10781,1
10783,1
10796,1
10797,1
10798,1
10815,1
10817,1
10818,1
10823,1
10824,1
10834,1
10839,1
10843,1
10850,1
10852,1
10857,1
10859,1
10861,1
10864,1
10866,1
10871,1
10874,1
10875,1
10879,1
10880,1
10881,1
10884,1
10885,1
10895,1
10896,1
10905,1
10907,1
10909,1
10913,1
10917,1
10926,1
10934,1
10936,1
10939,1
10941,1
10942,1
10943,1
10945,1
10950,1
10951,1
10957,1
10959,1
10960,1
10962,1
10963,1
10968,1
10976,1
10977,1
10978,1
10979,1
10989,1
10991,1
10993,1
10995,1
11004,1
11005,1
11007,1
11008,1
11011,1
11012,1
11022,1
11023,1
11024,1
11029,1
11037,1
11042,1
11057,1
11063,1
11064,1
11065,1
11068,1
11069,1
11074,1
11076,1
11091,1
11096,1
11098,1
11104,1
11107,1
11110,1
11117,1
11120,1
11127,1
11130,1
11132,1
11134,1
11139,1
11140,1
11148,1
11158,1
11168,1
11169,1
11179,1
11187,1
11191,1
11197,1
11199,1
11204,1
11214,1
11216,1
11224,1
11227,1
11234,1
11239,1
11245,1
11248,1
11251,1
11258,1
11259,1
11262,1
11263,1
11264,1
11266,1
11268,1
11270,1
11275,1
11277,1
11281,1
11283,1
11286,1
11290,1
11291,1
11292,1
11294,1
11299,1
11300,1
11301,1
11307,1
11308,1
11311,1
11312,1
11316,1
11317,1
11322,1
11329,1
11331,1
11336,1
11337,1
11342,1
11345,1
11348,1
11350,1
11351,1
11354,1
11360,1
11362,1
11370,1
11374,1
11375,1
11376,1
11379,1
11380,1
11381,1
11384,1
11386,1
11388,1
11389,1
11390,1
11394,1
11395,1
11398,1
11403,1
11405,1
11406,1
11407,1
11409,1
11413,1
11414,1
11416,1
11420,1
11423,1
11424,1
11425,1
11427,1
11434,1
11435,1
11436,1
11437,1
11442,1
11446,1
11448,1
11455,1
11456,1
11462,1
11463,1
11464,1
11465,1
11468,1
11469,1
11473,1
11474,1
11481,1
11486,1
11487,1
11488,1
11489,1
11490,1
11491,1
11493,1
11495,1
11497,1
11499,1
11504,1
11505,1
11506,1
11508,1
11512,1
11514,1
11515,1
11517,1
11518,1
11519,1
11522,1
11524,1
11525,1
11531,1
11533,1
11535,1
11537,1
11539,1
11543,1
11544,1
11545,1
11546,1
11551,1
11553,1
11562,1
11565,1
11570,1
11576,1
11577,1
11581,1
11584,1
11591,1
11592,1
11595,1
11598,1
11600,1
11602,1
11603,1
11604,1
11605,1
11608,1
11609,1
11611,1
11612,1
11613,1
11616,1
11617,1
11618,1
11619,1
11624,1
11626,1
11635,1
11638,1
11640,1
11642,1
11643,1
11646,1
11657,1
11658,1
11663,1
11667,1
11670,1
11672,1
11676,1
11680,1
11683,1
11684,1
11688,1
11690,1
11692,1
11693,1
11694,1
11698,1
11699,1
11702,1
11712,1
11715,1
11720,1
11726,1
11730,1
11731,1
11732,1
11735,1
11740,1
11742,1
11743,1
11747,1
11751,1
11753,1
11759,1
11765,1
11766,1
11767,1
11768,1
11775,1
11780,1
11781,1
11790,1
11792,1
11798,1
11801,1
11803,1
11805,1
11807,1
11809,1
11810,1
11813,1
11816,1
11819,1
11822,1
11824,1
11826,1
11829,1
11830,1
11831,1
11835,1
11839,1
11844,1
11845,1
11850,1
11857,1
11858,1
11862,1
11864,1
11865,1
11868,1
11880,1
11881,1
11884,1
11886,1
11892,1
11898,1
11903,1
11904,1
11909,1
11912,1
11917,1
11919,1
11922,1
11927,1
11930,1
11943,1
11945,1
11946,1
11949,1
11951,1
11952,1
11960,1
11961,1
11963,1
11964,1
11965,1
11966,1
11970,1
11972,1
11977,1
11981,1
11983,1
11989,1
11991,1
11992,1
11994,1
11996,1
12002,1
12003,1
12005,1
12008,1
12012,1
12017,1
12018,1
12019,1
12020,1
12026,1
12027,1
12039,1
12044,1
12050,1
12052,1
12053,1
12056,1
12058,1
12059,1
12064,1
12069,1
12073,1
12075,1
12088,1
12101,1
12108,1
12109,1
12111,1
12112,1
12113,1
12117,1
12118,1
12127,1
12131,1
12132,1
12133,1
12135,1
12147,1
12157,1
12161,1
12165,1
12167,1
12168,1
12171,1
12173,1
12177,1
12179,1
12180,1
12186,1
12187,1
12188,1
12192,1
12193,1
12203,1
12204,1
12206,1
12207,1
12215,1
12218,1
12220,1
12222,1
12224,1
12226,1
12231,1
12233,1
12238,1
12240,1
12243,1
12244,1
12245,1
12246,1
12248,1
12256,1
12261,1
12265,1
12271,1
12275,1
12280,1
12282,1
12284,1
12290,1
12297,1
12298,1
12303,1
12305,1
12315,1
12326,1
12327,1
12330,1
12335,1
12337,1
12341,1
12348,1
12349,1
12350,1
12351,1
12353,1
12359,1
12360,1
12363,1
12367,1
12370,1
12371,1
12377,1
12381,1
12382,1
12390,1
12391,1
12393,1
12395,1
12396,1
12398,1
12401,1
12402,1
12406,1
12408,1
12409,1
12410,1
12415,1
12417,1
12419,1
12422,1
12423,1
12425,1
12430,1
12435,1
12437,1
12439,1
12440,1
12441,1
12442,1
12443,1
12444,1
12451,1
12455,1
12458,1
12459,1
12460,1
12468,1
12469,1
12475,1
12478,1
12480,1
12481,1
12484,1
12486,1
12487,1
12488,1
12491,1
12495,1
12497,1
12498,1
12499,1
12500,1
12507,1
12509,1
12510,1
12512,1
12516,1
12519,1
12524,1
12530,1
12535,1
12537,1
12538,1
12540,1
12541,1
12542,1
12545,1
12547,1
12554,1
12556,1
12557,1
12558,1
12562,1
12566,1
12576,1
12578,1
12586,1
12592,1
12594,1
12596,1
12598,1
12599,1
12600,1
12601,1
12603,1
12605,1
12606,1
12620,1
12622,1
12630,1
12632,1
12633,1
12637,1
12642,1
12644,1
12649,1
12657,1
12659,1
12660,1
12661,1
12669,1
12670,1
12671,1
12674,1
12675,1
12679,1
12681,1
12685,1
12697,1
12700,1
12701,1
12702,1
12703,1
12709,1
12710,1
12716,1
12719,1
12727,1
12731,1
12737,1
12740,1
12741,1
12742,1
12745,1
12746,1
12749,1
12750,1
12757,1
12759,1
12760,1
12762,1
12769,1
12770,1
12773,1
12774,1
12775,1
12782,1
12789,1
12798,1
12801,1
12804,1
12808,1
12811,1
12812,1
12813,1
12822,1
12832,1
12837,1
12840,1
12848,1
12851,1
12856,1
12861,1
12864,1
12868,1
12870,1
12883,1
12884,1
12885,1
12886,1
12889,1
12893,1
12894,1
12898,1
12899,1
12911,1
12920,1
12935,1
12936,1
12938,1
12940,1
12945,1
12946,1
12950,1
12959,1
12961,1
12966,1
12972,1
12978,1
12979,1
12980,1
12981,1
12987,1
12993,1
13001,1
13003,1
13007,1
13018,1
13019,1
13021,1
13022,1
13023,1
13026,1
13029,1
13034,1
13036,1
13037,1
13038,1
13042,1
13043,1
13048,1
13049,1
13051,1
13058,1
13060,1
13062,1
13063,1
13069,1
13072,1
13076,1
13077,1
13080,1
13081,1
13088,1
13095,1
13097,1
13100,1
13101,1
13102,1
13103,1
13104,1
13105,1
13106,1
13111,1
13116,1
13120,1
13122,1
13123,1
13124,1
13125,1
13128,1
13131,1
13132,1
13137,1
13139,1
13140,1
13145,1
13150,1
13154,1
13155,1
13162,1
13163,1
13166,1
13167,1
13169,1
13170,1
13174,1
13187,1
13188,1
13191,1
13192,1
13193,1
13197,1
13200,1
13201,1
13203,1
13219,1
13221,1
13224,1
13226,1
13230,1
13239,1
13258,1
13259,1
13261,1
13267,1
13268,1
13270,1
13273,1
13277,1
13281,1
13289,1
13291,1
13297,1
13301,1
13303,1
13309,1
13320,1
13332,1
13333,1
13341,1
13344,1
13356,1
13357,1
13360,1
13362,1
13366,1
13376,1
13384,1
13391,1
13395,1
13406,1
13410,1
13412,1
13413,1
13414,1
13415,1
13416,1
13421,1
13422,1
13424,1
13429,1
13431,1
13433,1
13437,1
13439,1
13441,1
13443,1
13448,1
13455,1
13456,1
13458,1
13459,1
13461,1
13463,1
13467,1
13468,1
13471,1
13473,1
13474,1
13476,1
13487,1
13490,1
13495,1
13496,1
13500,1
13501,1
13503,1
13508,1
13511,1
13512,1
13514,1
13520,1
13532,1
13533,1
13534,1
13537,1
13539,1
13546,1
13547,1
13548,1
13550,1
13551,1
13555,1
13562,1
13563,1
13564,1
13565,1
13567,1
13571,1
13572,1
13573,1
13575,1
13576,1
13580,1
13581,1
13582,1
13583,1
13584,1
13585,1
13592,1
13593,1
13594,1
13595,1
13600,1
13602,1
13603,1
13614,1
13622,1
13623,1
13624,1
13625,1
13626,1
13627,1
13628,1
13632,1
13633,1
13636,1
13638,1
13643,1
13645,1
13646,1
13647,1
13648,1
13652,1
13660,1
13662,1
13664,1
13669,1
13671,1
13675,1
13676,1
13677,1
13680,1
13682,1
13684,1
13685,1
13686,1
13688,1
13689,1
13692,1
13693,1
13699,1
13700,1
13701,1
13702,1
13705,1
13708,1
13710,1
13711,1
13715,1
13717,1
13718,1
13724,1
13730,1
13733,1
13735,1
13736,1
13741,1
13743,1
13744,1
13751,1
13753,1
13756,1
13757,1
13758,1
13762,1
13763,1
13766,1
13767,1
13768,1
13769,1
13770,1
13772,1
13778,1
13780,1
13789,1
13790,1
13792,1
13795,1
13799,1
13802,1
13803,1
13821,1
13828,1
13830,1
13834,1
13838,1
13840,1
13841,1
13842,1
13845,1
13846,1
13850,1
13853,1
13856,1
13857,1
13858,1
13862,1
13871,1
13877,1
13883,1
13886,1
13887,1
13889,1
13890,1
13893,1
13896,1
13901,1
13902,1
13906,1
13907,1
13911,1
13912,1
13916,1
13918,1
13920,1
13928,1
13930,1
13931,1
13932,1
13937,1
13943,1
13944,1
13947,1
13950,1
13951,1
13954,1
13960,1
13962,1
13963,1
13968,1
13970,1
13971,1
13975,1
13976,1
13977,1
13979,1
13981,1
13984,1
13985,1
13987,1
13988,1
13991,1
13993,1
13994,1
14000,1
14002,1
14005,1
14013,1
14014,1
14017,1
14018,1
14023,1
14026,1
14037,1
14039,1
14043,1
14049,1
14051,1
14056,1
14058,1
14061,1
14062,1
14064,1
14065,1
14072,1
14073,1
14075,1
14081,1
14083,1
14084,1
14090,1
14104,1
14105,1
14107,1
14114,1
14117,1
14118,1
14119,1
14120,1
14121,1
14122,1
14124,1
14140,1
14141,1
14143,1
14147,1
14148,1
14151,1
14152,1
14156,1
14157,1
14162,1
14164,1
14166,1
14177,1
14178,1
14179,1
14180,1
14187,1
14188,1
14197,1
14198,1
14203,1
14205,1
14209,1
14211,1
14216,1
14218,1
14230,1
14231,1
14234,1
14248,1
14266,1
14267,1
14268,1
14272,1
14274,1
14276,1
14277,1
14285,1
14288,1
14291,1
14292,1
14306,1
14307,1
14318,1
14324,1
14325,1
14328,1
14330,1
14331,1
14332,1
14334,1
14338,1
14340,1
14341,1
14345,1
14346,1
14347,1
14351,1
14352,1
14363,1
14364,1
14373,1
14374,1
14383,1
14389,1
14399,1
14402,1
14403,1
14404,1
14405,1
14406,1
14420,1
14424,1
14428,1
14431,1
14434,1
14435,1
14437,1
14441,1
14443,1
14444,1
14445,1
14447,1
14449,1
14451,1
14457,1
14463,1
14465,1
14470,1
14474,1
14485,1
14486,1
14488,1
14489,1
14495,1
14501,1
14510,1
14511,1
14512,1
14513,1
14515,1
14516,1
14517,1
14518,1
14522,1
14525,1
14526,1
14530,1
14531,1
14532,1
14533,1
14538,1
14543,1
14545,1
14547,1
14555,1
14558,1
14561,1
14562,1
14564,1
14567,1
14568,1
14572,1
14574,1
14575,1
14576,1
14580,1
14585,1
14588,1
14589,1
14590,1
14591,1
14601,1
14602,1
14605,1
14606,1
14607,1
14608,1
14609,1
14616,1
14617,1
14619,1
14622,1
14623,1
14624,1
14631,1
14632,1
14633,1
14635,1
14640,1
14641,1
14642,1
14644,1
14648,1
14650,1
14651,1
14652,1
14660,1
14663,1
14664,1
14665,1
14666,1
14673,1
14676,1
14677,1
14679,1
14681,1
14682,1
14689,1
14694,1
14696,1
14701,1
14703,1
14706,1
14707,1
14711,1
14713,1
14714,1
14718,1
14721,1
14723,1
14724,1
14728,1
14732,1
14734,1
14741,1
14743,1
14749,1
14750,1
14757,1
14761,1
14763,1
14765,1
14766,1
14767,1
14768,1
14770,1
14771,1
14787,1
14788,1
14790,1
14797,1
14799,1
14800,1
14803,1
14808,1
14810,1
14823,1
14824,1
14827,1
14828,1
14829,1
14831,1
14835,1
14839,1
14840,1
14843,1
14847,1
14849,1
14854,1
14860,1
14861,1
14863,1
14866,1
14869,1
14871,1
14878,1
14879,1
14882,1
14885,1
14887,1
14889,1
14895,1
14901,1
14908,1
14910,1
14911,1
14912,1
14915,1
14916,1
14919,1
14920,1
14928,1
14929,1
14930,1
14932,1
14933,1
14941,1
14944,1
14946,1
14949,1
14954,1
14962,1
14971,1
14975,1
14978,1
14979,1
14981,1
14985,1
14986,1
15003,1
15006,1
15019,1
15022,1
15026,1
15027,1
15029,1
15033,1
15035,1
15037,1
15038,1
15041,1
15054,1
15055,1
15056,1
15059,1
15063,1
15068,1
15081,1
15090,1
15104,1
15105,1
15107,1
15115,1
15116,1
15120,1
15126,1
15128,1
15130,1
15142,1
15146,1
15149,1
15150,1
15151,1
15155,1
15156,1
15157,1
15161,1
15162,1
15169,1
15170,1
15171,1
15180,1
15186,1
15188,1
15189,1
15192,1
15195,1
15199,1
15200,1
15202,1
15203,1
15207,1
15210,1
15216,1
15219,1
15226,1
15230,1
15236,1
15239,1
15241,1
15242,1
15244,1
15251,1
15257,1
15258,1
15262,1
15264,1
15265,1
15266,1
15267,1
15270,1
15275,1
15279,1
15282,1
15284,1
15285,1
15289,1
15290,1
15292,1
15293,1
15294,1
15296,1
15299,1
15303,1
15305,1
15314,1
15317,1
15318,1
15319,1
15323,1
15326,1
15327,1
15330,1
15331,1
15332,1
15333,1
15334,1
15336,1
15341,1
15342,1
15347,1
15350,1
15351,1
15354,1
15355,1
15357,1
15359,1
15360,1
15361,1
15367,1
15377,1
15380,1
15383,1
15385,1
15386,1
15389,1
15395,1
15397,1
15411,1
15414,1
15416,1
15417,1
15418,1
15427,1
15429,1
15430,1
15433,1
15434,1
15436,1
15437,1
15443,1
15444,1
15446,1
15447,1
15455,1
15458,1
15465,1
15471,1
15474,1
15478,1
15486,1
15494,1
15495,1
15506,1
15508,1
15511,1
15519,1
15520,1
15526,1
15527,1
15531,1
15535,1
15537,1
15539,1
15543,1
15544,1
15545,1
15550,1
15552,1
15556,1
15560,1
15564,1
15566,1
15568,1
15572,1
15575,1
15578,1
15579,1
15581,1
15586,1
15587,1
15589,1
15593,1
15595,1
15597,1
15599,1
15600,1
15604,1
15605,1
15610,1
15611,1
15616,1
15617,1
15622,1
15625,1
15626,1
15627,1
15628,1
15635,1
15636,1
15640,1
15646,1
15649,1
15658,1
15662,1
15666,1
15668,1
15670,1
15672,1
15678,1
15680,1
15687,1
15688,1
15691,1
15698,1
15699,1
15700,1
15703,1
15704,1
15712,1
15713,1
15715,1
15716,1
15717,1
15720,1
15725,1
15726,1
15731,1
15736,1
15737,1
15739,1
15740,1
15749,1
15750,1
15751,1
15752,1
15756,1
15758,1
15759,1
15763,1
15764,1
15771,1
15778,1
15779,1
15780,1
15781,1
15782,1
15785,1
15789,1
15791,1
15797,1
15800,1
15802,1
15804,1
15806,1
15808,1
15809,1
15811,1
15814,1
15819,1
15823,1
15825,1
15827,1
15830,1
15832,1
15833,1
15834,1
15837,1
15839,1
15842,1
15843,1
15844,1
15845,1
15847,1
15850,1
15857,1
15858,1
15862,1
15863,1
15865,1
15867,1
15868,1
15873,1
15874,1
15876,1
15880,1
15881,1
15886,1
15888,1
15889,1
15892,1
15894,1
15896,1
15900,1
15909,1
15910,1
15911,1
15914,1
15915,1
15923,1
15926,1
15928,1
15929,1
15930,1
15932,1
15949,1
15950,1
15952,1
15954,1
15958,1
15961,1
15965,1
15984,1
15986,1
15990,1
15993,1
15995,1
15997,1
15999,1
16007,1
16010,1
16013,1
16014,1
16015,1
16016,1
16018,1
16028,1
16030,1
16031,1
16040,1
16042,1
16043,1
16045,1
16046,1
16048,1
16051,1
16052,1
16053,1
16055,1
16056,1
16060,1
16061,1
16064,1
16066,1
16067,1
16074,1
16082,1
16086,1
16090,1
16101,1
16105,1
16106,1
16109,1
16114,1
16115,1
16118,1
16122,1
16124,1
16125,1
16129,1
16130,1
16133,1
16141,1
16143,1
16144,1
16147,1
16149,1
16150,1
16155,1
16156,1
16158,1
16161,1
16169,1
16171,1
16173,1
16174,1
16175,1
16176,1
16180,1
16183,1
16185,1
16193,1
16197,1
16203,1
16218,1
16219,1
16220,1
16222,1
16224,1
16237,1
16240,1
16245,1
16247,1
16258,1
16260,1
16267,1
16272,1
16273,1
16274,1
16275,1
16276,1
16277,1
16279,1
16289,1
16292,1
16295,1
16296,1
16300,1
16301,1
16304,1
16305,1
16311,1
16316,1
16318,1
16328,1
16330,1
16331,1
16332,1
16333,1
16339,1
16340,1
16346,1
16353,1
16357,1
16358,1
16359,1
16364,1
16365,1
16367,1
16372,1
16383,1
16385,1
16386,1
16387,1
16388,1
16400,1
16417,1
16419,1
16420,1
16421,1
16424,1
16427,1
16429,1
16430,1
16431,1
16441,1
16444,1
16445,1
16449,1
16459,1
16460,1
16463,1
16471,1
16472,1
16476,1
16478,1
16481,1
16483,1
16484,1
16486,1
16488,1
16493,1
16495,1
16496,1
16497,1
16500,1
16501,1
16502,1
16506,1
16507,1
16508,1
16520,1
16529,1
16530,1
16533,1
16535,1
16546,1
16551,1
16552,1
16555,1
16557,1
16558,1
16561,1
16568,1
16574,1
16582,1
16584,1
16588,1
16589,1
16592,1
16593,1
16595,1
16596,1
16597,1
16598,1
16600,1
16602,1
16614,1
16615,1
16616,1
16617,1
16623,1
16638,1
16640,1
16642,1
16650,1
16663,1
16665,1
16666,1
16669,1
16670,1
16671,1
16672,1
16676,1
16679,1
16680,1
16684,1
16685,1
16687,1
16693,1
16698,1
16699,1
16700,1
16704,1
16708,1
16709,1
16710,1
16712,1
16714,1
16716,1
16719,1
16720,1
16725,1
16727,1
16728,1
16732,1
16733,1
16735,1
16738,1
16739,1
16741,1
16742,1
16743,1
16746,1
16757,1
16758,1
16760,1
16762,1
16763,1
16764,1
16765,1
16766,1
16773,1
16775,1
16776,1
16778,1
16780,1
16782,1
16784,1
16789,1
16791,1
16792,1
16797,1
16799,1
16800,1
16802,1
16804,1
16806,1
16808,1
16809,1
16810,1
16818,1
16821,1
16822,1
16823,1
16825,1
16829,1
16832,1
16833,1
16836,1
16849,1
16850,1
16854,1
16855,1
16856,1
16857,1
16860,1
16863,1
16865,1
16866,1
16867,1
16871,1
16874,1
16882,1
16886,1
16898,1
16905,1
16906,1
16916,1
16918,1
16920,1
16921,1
16922,1
16923,1
16926,1
16927,1
16935,1
16943,1
16944,1
16946,1
16953,1
16955,1
16956,1
16958,1
16959,1
16960,1
16962,1
16967,1
16979,1
16982,1
16983,1
16987,1
16992,1
16995,1
16996,1
16998,1
17000,1
17002,1
17003,1
17004,1
17009,1
17020,1
17024,1
17026,1
17032,1
17033,1
17034,1
17037,1
17038,1
17052,1
17057,1
17062,1
17064,1
17065,1
17066,1
17068,1
17073,1
17077,1
17084,1
17085,1
17097,1
17100,1
17102,1
17109,1
17116,1
17117,1
17126,1
17136,1
17140,1
17141,1
17151,1
17157,1
17159,1
17162,1
17163,1
17179,1
17180,1
17183,1
17186,1
17191,1
17194,1
17196,1
17212,1
17214,1
17217,1
17218,1
17220,1
17221,1
17222,1
17240,1
17250,1
17251,1
17266,1
17267,1
17275,1
17276,1
17280,1
17281,1
17289,1
17291,1
17294,1
17298,1
17299,1
17300,1
17309,1
17310,1
17315,1
17323,1
17324,1
17325,1
17326,1
17328,1
17330,1
17332,1
17345,1
17346,1
17355,1
17358,1
17363,1
17364,1
17367,1
17368,1
17370,1
17371,1
17373,1
17374,1
17379,1
17382,1
17385,1
17390,1
17391,1
17392,1
17393,1
17394,1
17401,1
17402,1
17406,1
17411,1
17412,1
17415,1
17416,1
17417,1
17418,1
17419,1
17432,1
17433,1
17434,1
17435,1
17437,1
17439,1
17440,1
17441,1
17445,1
17451,1
17452,1
17459,1
17464,1
17470,1
17474,1
17475,1
17476,1
17482,1
17483,1
17484,1
17486,1
17491,1
17497,1
17499,1
17502,1
17507,1
17511,1
17514,1
17518,1
17519,1
17525,1
17533,1
17536,1
17538,1
17539,1
17542,1
17544,1
17545,1
17547,1
17548,1
17549,1
17556,1
17564,1
17565,1
17569,1
17570,1
17574,1
17575,1
17577,1
17578,1
17580,1
17587,1
17589,1
17596,1
17599,1
17602,1
17603,1
17604,1
17605,1
17606,1
17614,1
17617,1
17630,1
17631,1
17632,1
17646,1
17653,1
17654,1
17655,1
17657,1
17670,1
17672,1
17675,1
17677,1
17679,1
17680,1
17684,1
17686,1
17689,1
17691,1
17694,1
17702,1
17704,1
17710,1
17712,1
17721,1
17724,1
17729,1
17736,1
17740,1
17742,1
17744,1
17746,1
17747,1
17751,1
17754,1
17755,1
17758,1
17759,1
17760,1
17763,1
17764,1
17765,1
17766,1
17769,1
17775,1
17777,1
17780,1
17784,1
17785,1
17786,1
17788,1
17795,1
17796,1
17801,1
17802,1
17809,1
17810,1
17820,1
17824,1
17826,1
17827,1
17832,1
17834,1
17836,1
17838,1
17841,1
17842,1
17843,1
17846,1
17847,1
17849,1
17852,1
17861,1
17862,1
17863,1
17867,1
17868,1
17871,1
17876,1
17877,1
17878,1
17879,1
17881,1
17886,1
17888,1
17889,1
17890,1
17892,1
17894,1
17897,1
17900,1
17901,1
17902,1
17903,1
17907,1
17913,1
17915,1
17917,1
17919,1
17924,1
17927,1
17930,1
17935,1
17938,1
17941,1
17943,1
17944,1
17952,1
17953,1
17956,1
17962,1
17968,1
17969,1
17974,1
17976,1
17979,1
17980,1
17981,1
17983,1
17987,1
17988,1
17991,1
17997,1
17998,1
18000,1
18005,1
18007,1
18008,1
18011,1
18012,1
18016,1
18017,1
18019,1
18021,1
18022,1
18023,1
18029,1
18030,1
18033,1
18036,1
18041,1
18044,1
18045,1
18048,1
18049,1
18060,1
18066,1
18067,1
18068,1
18069,1
18070,1
18073,1
18074,1
18075,1
18087,1
18090,1
18091,1
18094,1
18097,1
18101,1
18104,1
18110,1
18113,1
18117,1
18121,1
18122,1
18123,1
18124,1
18128,1
18129,1
18130,1
18132,1
18133,1
18136,1
18137,1
18138,1
18146,1
18149,1
18153,1
18157,1
18161,1
18162,1
18163,1
18165,1
18166,1
18171,1
18174,1
18175,1
18177,1
18181,1
18187,1
18194,1
18195,1
18196,1
18205,1
18207,1
18210,1
18212,1
18216,1
18220,1
18223,1
18224,1
18225,1
18229,1
18237,1
18243,1
18244,1
18256,1
18257,1
18259,1
18261,1
18263,1
18266,1
18267,1
18268,1
18271,1
18272,1
18273,1
18274,1
18275,1
18281,1
18284,1
18285,1
18286,1
18287,1
18294,1
18296,1
18315,1
18316,1
18319,1
18320,1
18324,1
18328,1
18330,1
18331,1
18335,1
18338,1
18340,1
18345,1
18349,1
18350,1
18354,1
18361,1
18367,1
18380,1
18381,1
18383,1
18385,1
18388,1
18396,1
18397,1
18398,1
18399,1
18412,1
18415,1
18424,1
18426,1
18432,1
18433,1
18434,1
18437,1
18440,1
18443,1
18446,1
18447,1
18453,1
18462,1
18463,1
18466,1
18467,1
18468,1
18469,1
18470,1
18471,1
18472,1
18473,1
18474,1
18477,1
18479,1
18481,1
18484,1
18485,1
18489,1
18490,1
18496,1
18503,1
18511,1
18519,1
18521,1
18522,1
18526,1
18527,1
18531,1
18534,1
18535,1
18538,1
18540,1
18543,1
18547,1
18553,1
18556,1
18558,1
18559,1
18560,1
18561,1
18563,1
18573,1
18575,1
18584,1
18588,1
18589,1
18594,1
18596,1
18600,1
18610,1
18614,1
18618,1
18619,1
18630,1
18631,1
18632,1
18633,1
18634,1
18640,1
18644,1
18646,1
18647,1
18650,1
18653,1
18655,1
18656,1
18662,1
18664,1
18667,1
18669,1
18670,1
18671,1
18672,1
18673,1
18687,1
18689,1
18691,1
18692,1
18696,1
18703,1
18704,1
18713,1
18714,1
18716,1
18720,1
18725,1
18728,1
18729,1
18730,1
18732,1
18735,1
18736,1
18740,1
18752,1
18757,1
18758,1
18762,1
18765,1
18766,1
18771,1
18776,1
18779,1
18780,1
18781,1
18782,1
18783,1
18785,1
18786,1
18789,1
18790,1
18792,1
18793,1
18795,1
18796,1
18797,1
18799,1
18801,1
18803,1
18810,1
18813,1
18815,1
18816,1
18820,1
18822,1
18824,1
18825,1
18826,1
18827,1
18830,1
18831,1
18835,1
18840,1
18841,1
18842,1
18850,1
18852,1
18853,1
18854,1
18856,1
18857,1
18859,1
18868,1
18869,1
18870,1
18871,1
18873,1
18877,1
18879,1
18880,1
18881,1
18885,1
18888,1
18890,1
18892,1
18899,1
18903,1
18906,1
18912,1
18915,1
18916,1
18917,1
18919,1
18920,1
18921,1
18922,1
18924,1
18925,1
18929,1
18930,1
18932,1
18933,1
18934,1
18936,1
18940,1
18943,1
18944,1
18952,1
18954,1
18956,1
18957,1
18961,1
18968,1
18969,1
18970,1
18971,1
18978,1
18980,1
18982,1
18988,1
18992,1
18996,1
18998,1
19010,1
19012,1
19019,1
19021,1
19027,1
19028,1
19031,1
19033,1
19034,1
19035,1
19036,1
19037,1
19038,1
19039,1
19040,1
19042,1
19046,1
19055,1
19056,1
19067,1
19071,1
19073,1
19077,1
19079,1
19086,1
19092,1
19094,1
19095,1
19096,1
19097,1
19100,1
19110,1
19111,1
19113,1
19114,1
19117,1
19118,1
19124,1
19134,1
19137,1
19139,1
19142,1
19143,1
19147,1
19154,1
19155,1
19156,1
19170,1
19172,1
19178,1
19182,1
19183,1
19186,1
19187,1
19191,1
19198,1
19202,1
19203,1
19209,1
19210,1
19211,1
19213,1
19232,1
19236,1
19240,1
19250,1
19254,1
19272,1
19278,1
19283,1
19293,1
19298,1
19300,1
19303,1
19307,1
19311,1
19312,1
19314,1
19316,1
19317,1
19321,1
19322,1
19323,1
19327,1
19330,1
19331,1
19349,1
19350,1
19355,1
19358,1
19359,1
19360,1
19373,1
19383,1
19389,1
19390,1
19394,1
19398,1
19399,1
19401,1
19407,1
19408,1
19414,1
19416,1
19417,1
19424,1
19426,1
19430,1
19431,1
19432,1
19437,1
19443,1
19450,1
19451,1
19453,1
19454,1
19455,1
19456,1
19472,1
19484,1
19489,1
19490,1
19492,1
19493,1
19495,1
19497,1
19498,1
19503,1
19505,1
19512,1
19513,1
19516,1
19517,1
19519,1
19520,1
19522,1
19524,1
19530,1
19531,1
19532,1
19534,1
19539,1
19541,1
19544,1
19546,1
19548,1
19550,1
19563,1
19565,1
19566,1
19569,1
19571,1
19572,1
19573,1
19577,1
19578,1
19582,1
19583,1
19585,1
19589,1
19594,1
19595,1
19599,1
19601,1
19602,1
19604,1
19610,1
19611,1
19613,1
19615,1
19620,1
19621,1
19627,1
19629,1
19631,1
19632,1
19639,1
19643,1
19644,1
19645,1
19648,1
19649,1
19650,1
19654,1
19660,1
19663,1
19665,1
19668,1
19670,1
19671,1
19675,1
19692,1
19694,1
19697,1
19698,1
19702,1
19703,1
19704,1
19706,1
19708,1
19716,1
19717,1
19726,1
19729,1
19731,1
19732,1
19733,1
19734,1
19735,1
19742,1
19743,1
19748,1
19762,1
19764,1
19765,1
19785,1
19786,1
19787,1
19789,1
19803,1
19805,1
19809,1
19811,1
19812,1
19824,1
19825,1
19828,1
19834,1
19836,1
19842,1
19844,1
19846,1
19849,1
19852,1
19853,1
19861,1
19869,1
19871,1
19873,1
19875,1
19878,1
19879,1
19880,1
19883,1
19887,1
19889,1
19892,1
19893,1
19898,1
19900,1
19903,1
19910,1
19913,1
19917,1
19918,1
19920,1
19923,1
19926,1
19929,1
19933,1
19934,1
19938,1
19943,1
19944,1
19959,1
19960,1
19961,1
19966,1
19968,1
19970,1
19971,1
19972,1
19975,1
19978,1
19979,1
19980,1
19984,1
19986,1
19988,1
19989,1
19993,1
19996,1
19997,1
19998,1
20001,1
20002,1
20005,1
20007,1
20010,1
20011,1
20012,1
20013,1
20020,1
20022,1
20025,1
20026,1
20027,1
20035,1
20042,1
20051,1
20052,1
20058,1
20060,1
20062,1
20063,1
20068,1
20069,1
20074,1
20078,1
20082,1
20085,1
20086,1
20088,1
20090,1
20093,1
20095,1
20099,1
20100,1
20101,1
20105,1
20107,1
20110,1
20112,1
20113,1
20114,1
20115,1
20117,1
20125,1
20126,1
20135,1
20139,1
20140,1
20143,1
20147,1
20148,1
20149,1
20150,1
20154,1
20157,1
20159,1
20160,1
20161,1
20167,1
20170,1
20173,1
20174,1
20177,1
20179,1
20186,1
20187,1
20188,1
20195,1
20196,1
20197,1
20201,1
20202,1
20203,1
20204,1
20213,1
20214,1
20216,1
20217,1
20218,1
20220,1
20221,1
20224,1
20227,1
20229,1
20232,1
20236,1
20238,1
20240,1
20243,1
20244,1
20245,1
20247,1
20248,1
20250,1
20252,1
20253,1
20254,1
20256,1
20260,1
20261,1
20270,1
20277,1
20280,1
20288,1
20291,1
20294,1
20295,1
20296,1
20298,1
20299,1
20302,1
20305,1
20307,1
20308,1
20313,1
20318,1
20322,1
20325,1
20326,1
20332,1
20335,1
20340,1
20345,1
20351,1
20353,1
20355,1
20359,1
20367,1
20373,1
20379,1
20384,1
20385,1
20386,1
20390,1
20392,1
20394,1
20395,1
20396,1
20399,1
20400,1
20401,1
20402,1
20403,1
20407,1
20408,1
20410,1
20411,1
20412,1
20413,1
20420,1
20424,1
20427,1
20429,1
20432,1
20434,1
20441,1
20442,1
20443,1
20446,1
20447,1
20450,1
20452,1
20453,1
20456,1
20459,1
20462,1
20465,1
20466,1
20468,1
20476,1
20477,1
20480,1
20483,1
20485,1
20488,1
20490,1
20493,1
20505,1
20508,1
20510,1
20512,1
20514,1
20517,1
20524,1
20525,1
20527,1
20529,1
20543,1
20559,1
20561,1
20565,1
20566,1
20567,1
20569,1
20571,1
20573,1
20576,1
20579,1
20580,1
20581,1
20586,1
20587,1
20595,1
20596,1
20599,1
20600,1
20601,1
20603,1
20604,1
20605,1
20606,1
20607,1
20611,1
20612,1
20615,1
20617,1
20618,1
20624,1
20630,1
20636,1
20644,1
20646,1
20654,1
20655,1
20656,1
20659,1
20660,1
20663,1
20666,1
20667,1
20668,1
20670,1
20672,1
20675,1
20677,1
20678,1
20683,1
20687,1
20689,1
20690,1
20691,1
20692,1
20704,1
20705,1
20714,1
20719,1
20722,1
20729,1
20733,1
20741,1
20742,1
20745,1
20746,1
20757,1
20758,1
20759,1
20760,1
20761,1
20768,1
20773,1
20774,1
20777,1
20778,1
20781,1
20783,1
20785,1
20787,1
20795,1
20796,1
20799,1
20801,1
20802,1
20804,1
20805,1
20820,1
20821,1
20823,1
20824,1
20826,1
20829,1
20837,1
20839,1
20840,1
20841,1
20844,1
20846,1
20847,1
20851,1
20859,1
20860,1
20862,1
20866,1
20871,1
20882,1
20883,1
20888,1
20896,1
20902,1
20907,1
20911,1
20912,1
20915,1
20917,1
20921,1
20925,1
20926,1
20928,1
20929,1
20933,1
20936,1
20937,1
20941,1
20943,1
20952,1
20956,1
20957,1
20958,1
20959,1
20961,1
20962,1
20963,1
20968,1
20973,1
20974,1
20975,1
20980,1
20984,1
20986,1
20987,1
20989,1
20990,1
20991,1
20992,1
20993,1
21000,1
21001,1
21003,1
21004,1
21005,1
21006,1
21008,1
21010,1
21011,1
21012,1
21019,1
21021,1
21022,1
21030,1
21032,1
21036,1
21039,1
21044,1
21045,1
21048,1
21050,1
21052,1
21054,1
21055,1
21061,1
21062,1
21063,1
21064,1
21065,1
21066,1
21068,1
21072,1
21073,1
21074,1
21075,1
21082,1
21083,1
21084,1
21088,1
21098,1
21100,1
21101,1
21102,1
21107,1
21108,1
21110,1
21111,1
21112,1
21113,1
21114,1
21119,1
21121,1
21123,1
21124,1
21128,1
21130,1
21131,1
21144,1
21151,1
21153,1
21155,1
21161,1
21162,1
21164,1
21166,1
21167,1
21170,1
21171,1
21172,1
21177,1
21180,1
21181,1
21182,1
21189,1
21191,1
21192,1
21193,1
21204,1
21205,1
21207,1
21209,1
21210,1
21213,1
21214,1
21216,1
21228,1
21229,1
21230,1
21231,1
21232,1
21240,1
21244,1
21248,1
21252,1
21261,1
21269,1
21270,1
21272,1
21273,1
21276,1
21280,1
21281,1
21282,1
21289,1
21293,1
21295,1
21302,1
21310,1
21317,1
21319,1
21323,1
21328,1
21339,1
21340,1
21341,1
21348,1
21349,1
21351,1
21354,1
21370,1
21378,1
21386,1
21388,1
21389,1
21399,1
21400,1
21401,1
21409,1
21413,1
21418,1
21434,1
21436,1
21439,1
21443,1
21445,1
21449,1
21450,1
21456,1
21459,1
21460,1
21466,1
21467,1
21469,1
21470,1
21485,1
21486,1
21496,1
21508,1
21510,1
21523,1
21530,1
21531,1
21538,1
21539,1
21542,1
21546,1
21556,1
21558,1
21562,1
21563,1
21566,1
21569,1
21578,1
21579,1
21583,1
21585,1
21587,1
21597,1
21601,1
21612,1
21614,1
21619,1
21621,1
21623,1
21624,1
21628,1
21629,1
21632,1
21636,1
21640,1
21642,1
21643,1
21645,1
21647,1
21649,1
21655,1
21660,1
21662,1
21664,1
21668,1
21669,1
21673,1
21674,1
21676,1
21677,1
21685,1
21693,1
21695,1
21696,1
21698,1
21700,1
21702,1
21704,1
21706,1
21707,1
21708,1
21714,1
21716,1
21725,1
21729,1
21730,1
21735,1
21736,1
21741,1
21743,1
21744,1
21746,1
21749,1
21754,1
21755,1
21760,1
21762,1
21765,1
21767,1
21769,1
21774,1
21775,1
21777,1
21778,1
21780,1
21781,1
21793,1
21796,1
21799,1
21800,1
21803,1
21804,1
21807,1
21812,1
21828,1
21829,1
21831,1
21832,1
21833,1
21836,1
21837,1
21838,1
21840,1
21842,1
21843,1
21844,1
21848,1
21864,1
21866,1
21867,1
21868,1
21869,1
21870,1
21883,1
21893,1
21895,1
21897,1
21918,1
21920,1
21921,1
21937,1
21947,1
21954,1
21958,1
21959,1
21960,1
21962,1
21963,1
21966,1
21971,1
21977,1
21980,1
21982,1
21984,1
21985,1
21987,1
21989,1
21999,1
22006,1
22007,1
22012,1
22014,1
22015,1
22016,1
22018,1
22025,1
22027,1
22030,1
22031,1
22036,1
22039,1
22040,1
22043,1
22044,1
22054,1
22057,1
22059,1
22061,1
22062,1
22063,1
22065,1
22067,1
22068,1
22073,1
22074,1
22075,1
22078,1
22097,1
22098,1
22101,1
22108,1
22109,1
22110,1
22111,1
22113,1
22114,1
22115,1
22120,1
22123,1
22125,1
22129,1
22132,1
22134,1
22135,1
22138,1
22140,1
22145,1
22146,1
22148,1
22149,1
22158,1
22160,1
22161,1
22163,1
22164,1
22170,1
22171,1
22172,1
22174,1
22182,1
22188,1
22189,1
22192,1
22193,1
22198,1
22201,1
22206,1
22208,1
22215,1
22218,1
22222,1
22224,1
22225,1
22226,1
22227,1
22228,1
22229,1
22232,1
22233,1
22242,1
22243,1
22246,1
22248,1
22249,1
22252,1
22255,1
22256,1
22258,1
22260,1
22272,1
22274,1
22275,1
22282,1
22284,1
22289,1
22296,1
22299,1
22301,1
22306,1
22309,1
22311,1
22314,1
22319,1
22321,1
22324,1
22325,1
22326,1
22328,1
22330,1
22335,1
22338,1
22339,1
22343,1
22346,1
22347,1
22348,1
22353,1
22354,1
22355,1
22361,1
22364,1
22365,1
22367,1
22369,1
22371,1
22372,1
22377,1
22382,1
22383,1
22386,1
22389,1
22391,1
22392,1
22395,1
22396,1
22398,1
22401,1
22403,1
22406,1
22409,1
22412,1
22419,1
22422,1
22432,1
22438,1
22440,1
22443,1
22444,1
22445,1
22448,1
22451,1
22454,1
22456,1
22459,1
22460,1
22468,1
22469,1
22475,1
22476,1
22479,1
22499,1
22501,1
22503,1
22506,1
22508,1
22510,1
22512,1
22525,1
22527,1
22529,1
22535,1
22536,1
22538,1
22542,1
22549,1
22551,1
22555,1
22559,1
22560,1
22565,1
22568,1
22569,1
22571,1
22572,1
22576,1
22585,1
22586,1
22588,1
22590,1
22593,1
22594,1
22595,1
22599,1
22601,1
22605,1
22606,1
22607,1
22609,1
22610,1
22613,1
22617,1
22618,1
22620,1
22624,1
22625,1
22626,1
22633,1
22634,1
22640,1
22643,1
22644,1
22645,1
22647,1
22648,1
22649,1
22662,1
22664,1
22667,1
22668,1
22670,1
22676,1
22678,1
22681,1
22683,1
22709,1
22713,1
22715,1
22718,1
22721,1
22722,1
22723,1
22725,1
22727,1
22729,1
22735,1
22736,1
22737,1
22742,1
22743,1
22749,1
22750,1
22753,1
22754,1
22755,1
22757,1
22758,1
22760,1
22761,1
22762,1
22764,1
22766,1
22770,1
22775,1
22781,1
22782,1
22787,1
22788,1
22805,1
22812,1
22815,1
22818,1
22819,1
22820,1
22821,1
22823,1
22825,1
22826,1
22827,1
22828,1
22829,1
22830,1
22835,1
22836,1
22845,1
22846,1
22847,1
22850,1
22860,1
22862,1
22876,1
22877,1
22880,1
22882,1
22884,1
22887,1
22888,1
22891,1
22893,1
22898,1
22899,1
22914,1
22915,1
22916,1
22917,1
22920,1
22924,1
22929,1
22932,1
22934,1
22935,1
22936,1
22937,1
22939,1
22941,1
22945,1
22947,1
22948,1
22949,1
22950,1
22952,1
22954,1
22955,1
22956,1
22957,1
22958,1
22966,1
22974,1
22977,1
22978,1
22982,1
22989,1
22996,1
23000,1
23014,1
23016,1
23020,1
23027,1
23039,1
23044,1
23045,1
23049,1
23052,1
23058,1
23062,1
23063,1
23065,1
23066,1
23067,1
23070,1
23071,1
23073,1
23076,1
23080,1
23081,1
23083,1
23084,1
23087,1
23090,1
23096,1
23098,1
23114,1
23115,1
23116,1
23118,1
23119,1
23120,1
23124,1
23130,1
23131,1
23135,1
23140,1
23141,1
23142,1
23143,1
23146,1
23149,1
23158,1
23159,1
23161,1
23162,1
23163,1
23164,1
23165,1
23168,1
23169,1
23175,1
23176,1
23179,1
23180,1
23181,1
23182,1
23189,1
23191,1
23193,1
23202,1
23203,1
23204,1
23205,1
23207,1
23209,1
23212,1
23217,1
23218,1
23219,1
23220,1
23221,1
23222,1
23223,1
23228,1
23229,1
23230,1
23231,1
23235,1
23237,1
23240,1
23241,1
23243,1
23253,1
23255,1
23256,1
23257,1
23262,1
23266,1
23267,1
23268,1
23272,1
23275,1
23277,1
23278,1
23283,1
23285,1
23287,1
23288,1
23298,1
23299,1
23300,1
23307,1
23309,1
23311,1
23316,1
23317,1
23319,1
23322,1
23324,1
23325,1
23326,1
23327,1
23328,1
23330,1
23332,1
23334,1
23341,1
23343,1
23345,1
23348,1
23360,1
23364,1
23367,1
23379,1
23380,1
23381,1
23382,1
23383,1
23393,1
23395,1
23399,1
23404,1
23412,1
23421,1
23422,1
23423,1
23430,1
23431,1
23432,1
23434,1
23438,1
23443,1
23459,1
23465,1
23467,1
23469,1
23470,1
23473,1
23478,1
23484,1
23489,1
23498,1
23499,1
23501,1
23502,1
23504,1
23517,1
23518,1
23530,1
23531,1
23534,1
23546,1
23548,1
23551,1
23557,1
23560,1
23563,1
23569,1
23586,1
23589,1
23591,1
23592,1
23599,1
23602,1
23609,1
23613,1
23617,1
23618,1
23620,1
23621,1
23638,1
23645,1
23649,1
23676,1
23678,1
23682,1
23683,1
23685,1
23693,1
23694,1
23700,1
23701,1
23702,1
23705,1
23711,1
23712,1
23713,1
23714,1
23719,1
23732,1
23733,1
23734,1
23735,1
23737,1
23741,1
23750,1
23751,1
23755,1
23757,1
23764,1
23767,1
23771,1
23773,1
23780,1
23782,1
23786,1
23790,1
23793,1
23796,1
23801,1
23803,1
23805,1
23806,1
23812,1
23813,1
23822,1
23825,1
23827,1
23830,1
23831,1
23846,1
23847,1
23848,1
23849,1
23850,1
23852,1
23853,1
23854,1
23856,1
23861,1
23866,1
23867,1
23868,1
23878,1
23879,1
23883,1
23889,1
23890,1
23892,1
23896,1
23897,1
23898,1
23899,1
23900,1
23905,1
23906,1
23910,1
23911,1
23915,1
23916,1
23917,1
23920,1
23923,1
23924,1
23926,1
23932,1
23939,1
23945,1
23950,1
23953,1
23957,1
23961,1
23963,1
23965,1
23972,1
23981,1
23982,1
23985,1
23986,1
23989,1
23990,1
23991,1
23993,1
23994,1
23995,1
23996,1
24003,1
24018,1
24020,1
24022,1
24023,1
24024,1
24025,1
24026,1
24038,1
24045,1
24048,1
24049,1
24050,1
24064,1
24065,1
24071,1
24073,1
24074,1
24075,1
24079,1
24085,1
24090,1
24094,1
24095,1
24099,1
24100,1
24102,1
24105,1
24111,1
24113,1
24125,1
24128,1
24129,1
24133,1
24134,1
24139,1
24141,1
24144,1
24150,1
24151,1
24159,1
24161,1
24163,1
24166,1
24171,1
24175,1
24177,1
24179,1
24181,1
24182,1
24188,1
24191,1
24192,1
24195,1
24199,1
24203,1
24206,1
24208,1
24209,1
24210,1
24211,1
24213,1
24217,1
24218,1
24219,1
24222,1
24223,1
24224,1
24232,1
24246,1
24248,1
24249,1
24250,1
24252,1
24262,1
24266,1
24267,1
24272,1
24277,1
24278,1
24281,1
24282,1
24291,1
24292,1
24296,1
24297,1
24303,1
24304,1
24306,1
24310,1
24317,1
24318,1
24322,1
24323,1
24324,1
24325,1
24329,1
24331,1
24333,1
24335,1
24336,1
24340,1
24342,1
24345,1
24346,1
24347,1
24349,1
24351,1
24353,1
24356,1
24365,1
24368,1
24373,1
24374,1
24381,1
24385,1
24386,1
24389,1
24392,1
24393,1
24401,1
24405,1
24406,1
24408,1
24412,1
24413,1
24414,1
24416,1
24420,1
24422,1
24431,1
24436,1
24438,1
24439,1
24442,1
24445,1
24446,1
24449,1
24455,1
24456,1
24457,1
24460,1
24465,1
24470,1
24471,1
24473,1
24475,1
24479,1
24481,1
24486,1
24488,1
24489,1
24499,1
24503,1
24509,1
24510,1
24511,1
24515,1
24517,1
24521,1
24523,1
24528,1
24529,1
24536,1
24543,1
24547,1
24549,1
24550,1
24553,1
24563,1
24564,1
24565,1
24567,1
24570,1
24572,1
24575,1
24578,1
24581,1
24582,1
24590,1
24591,1
24597,1
24600,1
24602,1
24604,1
24605,1
24606,1
24607,1
24608,1
24611,1
24612,1
24615,1
24618,1
24619,1
24623,1
24627,1
24628,1
24635,1
24637,1
24650,1
24654,1
24658,1
24661,1
24663,1
24664,1
24665,1
24666,1
24667,1
24683,1
24684,1
24691,1
24697,1
24698,1
24699,1
24701,1
24705,1
24710,1
24715,1
24716,1
24718,1
24719,1
24721,1
24722,1
24725,1
24728,1
24729,1
24731,1
24735,1
24738,1
24740,1
24746,1
24750,1
24760,1
24761,1
24764,1
24765,1
24766,1
24769,1
24772,1
24775,1
24782,1
24783,1
24784,1
24791,1
24792,1
24798,1
24802,1
24821,1
24825,1
24827,1
24830,1
24837,1
24840,1
24865,1
24869,1
24871,1
24874,1
24878,1
24879,1
24881,1
24883,1
24885,1
24889,1
24893,1
24894,1
24895,1
24900,1
24904,1
24907,1
24908,1
24911,1
24913,1
24914,1
24915,1
24916,1
24917,1
24918,1
24919,1
24923,1
24928,1
24932,1
24933,1
24935,1
24937,1
24939,1
24944,1
24946,1
24952,1
24960,1
24967,1
24970,1
24974,1
24975,1
24976,1
24978,1
24980,1
24981,1
24982,1
24984,1
24985,1
24987,1
24991,1
24994,1
24995,1
25002,1
25005,1
25007,1
25010,1
25011,1
25013,1
25023,1
25024,1
25032,1
25036,1
25037,1
25039,1
25041,1
25044,1
25045,1
25050,1
25051,1
25057,1
25061,1
25072,1
25073,1
25074,1
25075,1
25076,1
25080,1
25083,1
25085,1
25088,1
25090,1
25093,1
25094,1
25095,1
25096,1
25098,1
25102,1
25106,1
25108,1
25111,1
25113,1
25114,1
25115,1
25117,1
25131,1
25133,1
25134,1
25135,1
25139,1
25146,1
25154,1
25155,1
25158,1
25159,1
25161,1
25169,1
25174,1
25175,1
25176,1
25177,1
25179,1
25181,1
25185,1
25198,1
25203,1
25204,1
25211,1
25212,1
25218,1
25219,1
25224,1
25227,1
25229,1
25230,1
25232,1
25234,1
25235,1
25240,1
25242,1
25243,1
25245,1
25246,1
25247,1
25249,1
25253,1
25257,1
25271,1
25273,1
25274,1
25275,1
25279,1
25280,1
25283,1
25284,1
25290,1
25291,1
25299,1
25301,1
25303,1
25306,1
25309,1
25311,1
25315,1
25320,1
25321,1
25322,1
25324,1
25326,1
25327,1
25332,1
25333,1
25336,1
25340,1
25342,1
25344,1
25352,1
25354,1
25355,1
25362,1
25365,1
25367,1
25369,1
25370,1
25373,1
25374,1
25375,1
25376,1
25379,1
25380,1
25382,1
25383,1
25384,1
25386,1
25389,1
25390,1
25391,1
25392,1
25393,1
25394,1
25401,1
25405,1
25407,1
25411,1
25414,1
25421,1
25422,1
25424,1
25430,1
25433,1
25437,1
25440,1
25443,1
25464,1
25471,1
25472,1
25474,1
25479,1
25481,1
25483,1
25484,1
25486,1
25488,1
25489,1
25490,1
25491,1
25492,1
25493,1
25495,1
25497,1
25498,1
25509,1
25522,1
25524,1
25527,1
25541,1
25542,1
25543,1
25544,1
25545,1
25546,1
25555,1
25557,1
25558,1
25559,1
25562,1
25564,1
25570,1
25575,1
25585,1
25587,1
25588,1
25593,1
25594,1
25595,1
25597,1
25598,1
25601,1
25605,1
25620,1
25624,1
25627,1
25628,1
25630,1
25631,1
25633,1
25638,1
25644,1
25648,1
25649,1
25656,1
25657,1
25658,1
25660,1
25663,1
25669,1
25670,1
25678,1
25682,1
25691,1
25692,1
25693,1
25707,1
25719,1
25724,1
25725,1
25731,1
25741,1
25748,1
25751,1
25761,1
25764,1
25766,1
25770,1
25772,1
25773,1
25776,1
25777,1
25779,1
25780,1
25783,1
25799,1
25800,1
25801,1
25806,1
25807,1
25809,1
25810,1
25815,1
25824,1
25831,1
25839,1
25842,1
25847,1
25849,1
25857,1
25860,1
25863,1
25869,1
25872,1
25875,1
25882,1
25886,1
25893,1
25894,1
25898,1
25899,1
25907,1
25908,1
25909,1
25910,1
25911,1
25914,1
25918,1
25927,1
25930,1
25932,1
25935,1
25941,1
25942,1
25943,1
25944,1
25947,1
25948,1
25949,1
25953,1
25954,1
25955,1
25958,1
25961,1
25966,1
25970,1
25971,1
25976,1
25977,1
25985,1
25995,1
25998,1
26002,1
26004,1
26005,1
26019,1
26021,1
26022,1
26023,1
26024,1
26027,1
26028,1
26030,1
26031,1
26034,1
26035,1
26039,1
26042,1
26044,1
26048,1
26053,1
26056,1
26058,1
26061,1
26062,1
26066,1
26067,1
26070,1
26071,1
26073,1
26075,1
26081,1
26084,1
26087,1
26095,1
26096,1
26099,1
26103,1
26104,1
26106,1
26110,1
26120,1
26122,1
26125,1
26127,1
26128,1
26130,1
26131,1
26133,1
26135,1
26150,1
26156,1
26157,1
26166,1
26168,1
26169,1
26173,1
26175,1
26183,1
26184,1
26186,1
26188,1
26190,1
26195,1
26196,1
26197,1
26198,1
26203,1
26204,1
26223,1
26224,1
26235,1
26249,1
26250,1
26260,1
26265,1
26270,1
26272,1
26274,1
26275,1
26277,1
26282,1
26284,1
26289,1
26291,1
26295,1
26298,1
26302,1
26304,1
26306,1
26309,1
26312,1
26315,1
26316,1
26317,1
26320,1
26324,1
26329,1
26331,1
26333,1
26335,1
26336,1
26340,1
26341,1
26345,1
26349,1
26351,1
26354,1
26355,1
26357,1
26361,1
26364,1
26365,1
26367,1
26373,1
26377,1
26378,1
26379,1
26381,1
26382,1
26386,1
26387,1
26389,1
26392,1
26393,1
26394,1
26398,1
26403,1
26408,1
26410,1
26423,1
26424,1
26425,1
26428,1
26432,1
26436,1
26438,1
26441,1
26442,1
26443,1
26447,1
26449,1
26452,1
26454,1
26461,1
26462,1
26463,1
26464,1
26467,1
26468,1
26469,1
26473,1
26474,1
26475,1
26478,1
26485,1
26486,1
26487,1
26488,1
26490,1
26493,1
26495,1
26496,1
26500,1
26501,1
26508,1
26516,1
26517,1
26519,1
26524,1
26527,1
26529,1
26534,1
26537,1
26539,1
26543,1
26545,1
26548,1
26550,1
26552,1
26554,1
26555,1
26557,1
26558,1
26562,1
26565,1
26567,1
26569,1
26572,1
26574,1
26578,1
26579,1
26583,1
26585,1
26588,1
26595,1
26596,1
26597,1
26605,1
26607,1
26608,1
26611,1
26612,1
26613,1
26616,1
26625,1
26627,1
26631,1
26635,1
26641,1
26642,1
26644,1
26646,1
26648,1
26656,1
26660,1
26663,1
26664,1
26665,1
26666,1
26667,1
26671,1
26679,1
26685,1
26687,1
26691,1
26694,1
26697,1
26703,1
26708,1
26711,1
26713,1
26714,1
26717,1
26722,1
26723,1
26725,1
26727,1
26730,1
26731,1
26732,1
26736,1
26740,1
26742,1
26743,1
26744,1
26750,1
26753,1
26756,1
26760,1
26762,1
26765,1
26768,1
26770,1
26772,1
26774,1
26775,1
26778,1
26782,1
26783,1
26785,1
26789,1
26795,1
26796,1
26797,1
26813,1
26814,1
26821,1
26825,1
26831,1
26832,1
26833,1
26834,1
26837,1
26839,1
26842,1
26845,1
26846,1
26851,1
26852,1
26855,1
26857,1
26858,1
26863,1
26865,1
26866,1
26867,1
26869,1
26870,1
26871,1
26874,1
26876,1
26882,1
26885,1
26886,1
26887,1
26889,1
26896,1
26897,1
26898,1
26905,1
26908,1
26912,1
26918,1
26923,1
26924,1
26926,1
26927,1
26934,1
26935,1
26941,1
26942,1
26943,1
26955,1
26956,1
26960,1
26961,1
26964,1
26968,1
26984,1
26986,1
26988,1
26991,1
26996,1
26997,1
26998,1
26999,1
27000,1
27003,1
27017,1
27023,1
27026,1
27027,1
27030,1
27032,1
27036,1
27037,1
27038,1
27051,1
27052,1
27053,1
27057,1
27059,1
27060,1
27065,1
27067,1
27071,1
27072,1
27075,1
27076,1
27077,1
27081,1
27082,1
27084,1
27086,1
27089,1
27095,1
27096,1
27101,1
27102,1
27108,1
27116,1
27117,1
27118,1
27137,1
27138,1
27139,1
27141,1
27142,1
27143,1
27146,1
27147,1
27149,1
27155,1
27158,1
27160,1
27161,1
27165,1
27167,1
27177,1
27178,1
27180,1
27181,1
27192,1
27193,1
27197,1
27198,1
27203,1
27204,1
27212,1
27215,1
27217,1
27221,1
27235,1
27236,1
27247,1
27248,1
27249,1
27250,1
27252,1
27253,1
27259,1
27262,1
27266,1
27268,1
27271,1
27273,1
27277,1
27283,1
27289,1
27290,1
27291,1
27294,1
27298,1
27303,1
27307,1
27308,1
27310,1
27312,1
27314,1
27316,1
27319,1
27326,1
27331,1
27332,1
27333,1
27334,1
27342,1
27356,1
27361,1
27362,1
27370,1
27382,1
27383,1
27384,1
27385,1
27386,1
27387,1
27388,1
27389,1
27394,1
27395,1
27397,1
27398,1
27400,1
27403,1
27406,1
27416,1
27417,1
27418,1
27422,1
27425,1
27427,1
27429,1
27430,1
27433,1
27434,1
27437,1
27438,1
27444,1
27445,1
27446,1
27452,1
27455,1
27457,1
27458,1
27460,1
27461,1
27462,1
27463,1
27466,1
27471,1
27477,1
27478,1
27479,1
27482,1
27484,1
27485,1
27493,1
27495,1
27497,1
27499,1
27501,1
27505,1
27509,1
27515,1
27517,1
27518,1
27519,1
27521,1
27522,1
27525,1
27526,1
27528,1
27529,1
27533,1
27534,1
27536,1
27537,1
27538,1
27540,1
27545,1
27547,1
27555,1
27566,1
27568,1
27571,1
27574,1
27576,1
27577,1
27580,1
27583,1
27585,1
27586,1
27587,1
27594,1
27596,1
27603,1
27605,1
27617,1
27619,1
27625,1
27626,1
27637,1
27641,1
27642,1
27643,1
27644,1
27646,1
27657,1
27660,1
27661,1
27662,1
27669,1
27677,1
27678,1
27681,1
27684,1
27686,1
27690,1
27696,1
27697,1
27698,1
27699,1
27700,1
27701,1
27713,1
27715,1
27716,1
27717,1
27723,1
27724,1
27731,1
27744,1
27748,1
27749,1
27754,1
27756,1
27761,1
27779,1
27784,1
27788,1
27789,1
27792,1
27795,1
27798,1
27799,1
27808,1
27809,1
27812,1
27817,1
27820,1
27822,1
27830,1
27838,1
27841,1
27846,1
27850,1
27851,1
27855,1
27858,1
27873,1
27875,1
27878,1
27879,1
27880,1
27881,1
27884,1
27886,1
27899,1
27900,1
27901,1
27903,1
27904,1
27910,1
27911,1
27913,1
27920,1
27926,1
27927,1
27930,1
27936,1
27947,1
27952,1
27953,1
27957,1
27967,1
27968,1
27976,1
27983,1
27986,1
27987,1
27989,1
27990,1
27996,1
27999,1
28006,1
28008,1
28010,1
28011,1
28013,1
28021,1
28025,1
28026,1
28030,1
28031,1
28035,1
28037,1
28046,1
28047,1
28050,1
28053,1
28054,1
28066,1
28068,1
28069,1
28071,1
28074,1
28078,1
28080,1
28081,1
28082,1
28083,1
28087,1
28088,1
28090,1
28093,1
28094,1
28098,1
28102,1
28104,1
28107,1
28108,1
28112,1
28114,1
28116,1
28119,1
28120,1
28123,1
28128,1
28130,1
28133,1
28140,1
28143,1
28145,1
28147,1
28148,1
28149,1
28162,1
28165,1
28166,1
28167,1
28169,1
28171,1
28172,1
28173,1
28174,1
28175,1
28177,1
28179,1
28184,1
28185,1
28193,1
28195,1
28196,1
28201,1
28205,1
28206,1
28208,1
28209,1
28210,1
28213,1
28221,1
28222,1
28228,1
28230,1
28238,1
28242,1
28247,1
28253,1
28260,1
28262,1
28264,1
28268,1
28270,1
28294,1
28299,1
28300,1
28305,1
28308,1
28310,1
28311,1
28315,1
28316,1
28326,1
28334,1
28337,1
28338,1
28339,1
28340,1
28345,1
28346,1
28354,1
28367,1
28368,1
28370,1
28371,1
28396,1
28398,1
28404,1
28411,1
28413,1
28417,1
28420,1
28421,1
28429,1
28432,1
28436,1
28443,1
28446,1
28450,1
28452,1
28453,1
28459,1
28461,1
28463,1
28470,1
28471,1
28475,1
28477,1
28478,1
28480,1
28483,1
28486,1
28487,1
28491,1
28495,1
28497,1
28499,1
28500,1
28502,1
28503,1
28510,1
28511,1
28515,1
28525,1
28528,1
28531,1
28532,1
28535,1
28536,1
28539,1
28541,1
28543,1
28546,1
28547,1
28551,1
28556,1
28563,1
28569,1
28570,1
28571,1
28574,1
28576,1
28578,1
28581,1
28582,1
28584,1
28586,1
28587,1
28596,1
28597,1
28599,1
28606,1
28607,1
28608,1
28610,1
28612,1
28618,1
28619,1
28620,1
28621,1
28629,1
28630,1
28631,1
28633,1
28634,1
28635,1
28639,1
28644,1
28651,1
28652,1
28658,1
28659,1
28660,1
28662,1
28663,1
28667,1
28673,1
28678,1
28682,1
28685,1
28689,1
28693,1
28696,1
28697,1
28699,1
28701,1
28705,1
28707,1
28709,1
28711,1
28712,1
28716,1
28718,1
28721,1
28722,1
28725,1
28726,1
28737,1
28738,1
28745,1
28748,1
28753,1
28755,1
28757,1
28758,1
28768,1
28770,1
28772,1
28773,1
28779,1
28782,1
28784,1
28786,1
28793,1
28796,1
28799,1
28802,1
28804,1
28805,1
28806,1
28810,1
28813,1
28818,1
28827,1
28829,1
28830,1
28833,1
28834,1
28837,1
28841,1
28847,1
28851,1
28853,1
28855,1
28857,1
28858,1
28861,1
28867,1
28868,1
28869,1
28870,1
28871,1
28873,1
28875,1
28876,1
28878,1
28879,1
28881,1
28887,1
28890,1
28891,1
28898,1
28907,1
28911,1
28914,1
28915,1
28917,1
28919,1
28920,1
28921,1
28922,1
28924,1
28930,1
28932,1
28934,1
28935,1
28939,1
28940,1
28944,1
28947,1
28957,1
28958,1
28967,1
28973,1
28974,1
28975,1
28977,1
28980,1
28981,1
28988,1
28989,1
28994,1
28995,1
28999,1
29000,1
29001,1
29003,1
29005,1
29008,1
29011,1
29013,1
29014,1
29015,1
29020,1
29021,1
29022,1
29025,1
29026,1
29028,1
29029,1
29030,1
29031,1
29032,1
29041,1
29042,1
29046,1
29056,1
29058,1
29062,1
29064,1
29068,1
29070,1
29074,1
29077,1
29080,1
29084,1
29086,1
29088,1
29089,1
29100,1
29108,1
29109,1
29114,1
29115,1
29129,1
29130,1
29132,1
29133,1
29135,1
29139,1
29145,1
29146,1
29147,1
29148,1
29149,1
29150,1
29152,1
29168,1
29176,1
29177,1
29179,1
29180,1
29183,1
29185,1
29189,1
29190,1
29191,1
29193,1
29203,1
29204,1
29205,1
29206,1
29211,1
29212,1
29220,1
29222,1
29223,1
29224,1
29226,1
29227,1
29228,1
29229,1
29232,1
29233,1
29234,1
29235,1
29238,1
29240,1
29251,1
29254,1
29258,1
29268,1
29276,1
29282,1
29283,1
29287,1
29288,1
29289,1
29293,1
29295,1
29296,1
29298,1
29300,1
29308,1
29311,1
29312,1
29313,1
29314,1
29326,1
29327,1
29331,1
29345,1
29347,1
29349,1
29354,1
29355,1
29358,1
29361,1
29365,1
29367,1
29371,1
29372,1
29383,1
29384,1
29385,1
29391,1
29397,1
29398,1
29402,1
29403,1
29404,1
29405,1
29409,1
29412,1
29415,1
29418,1
29421,1
29424,1
29425,1
29426,1
29427,1
29428,1
29435,1
29442,1
29443,1
29445,1
29446,1
29449,1
29454,1
29455,1
29459,1
29461,1
29462,1
29463,1
29466,1
29467,1
29468,1
29469,1
29477,1
29482,1
29483,1
29484,1
29489,1
29493,1
29494,1
29497,1
29509,1
29510,1
29515,1
29521,1
29526,1
29535,1
29536,1
29537,1
29539,1
29540,1
29541,1
29542,1
29547,1
29548,1
29551,1
29552,1
29557,1
29559,1
29564,1
29565,1
29573,1
29580,1
29582,1
29585,1
29588,1
29589,1
29592,1
29598,1
29599,1
29600,1
29601,1
29602,1
29606,1
29611,1
29612,1
29614,1
29615,1
29616,1
29618,1
29627,1
29628,1
29629,1
29630,1
29631,1
29632,1
29633,1
29634,1
29635,1
29639,1
29642,1
29647,1
29648,1
29659,1
29662,1
29668,1
29669,1
29671,1
29674,1
29676,1
29677,1
29678,1
29680,1
29685,1
29686,1
29687,1
29688,1
29689,1
29690,1
29691,1
29693,1
29697,1
29699,1
29700,1
29701,1
29705,1
29706,1
29711,1
29725,1
29726,1
29727,1
29731,1
29734,1
29735,1
29736,1
29737,1
29738,1
29742,1
29745,1
29746,1
29755,1
29757,1
29766,1
29769,1
29775,1
29776,1
29779,1
29785,1
29786,1
29787,1
29788,1
29793,1
29794,1
29795,1
29796,1
29807,1
29812,1
29814,1
29826,1
29830,1
29831,1
29835,1
29837,1
29848,1
29849,1
29850,1
29851,1
29852,1
29853,1
29854,1
29856,1
29860,1
29863,1
29867,1
29874,1
29876,1
29883,1
29890,1
29892,1
29894,1
29897,1
29900,1
29901,1
29902,1
29908,1
29910,1
29913,1
29917,1
29924,1
29926,1
29939,1
29941,1
29942,1
29943,1
29944,1
29946,1
29950,1
29961,1
29970,1
29971,1
29973,1
29975,1
29978,1
29980,1
29986,1
30001,1
30008,1
30011,1
30014,1
30033,1
30036,1
30038,1
30041,1
30042,1
30057,1
30058,1
30060,1
30069,1
30070,1
30074,1
30085,1
30086,1
30087,1
30088,1
30089,1
30095,1
30107,1
30116,1
30126,1
30138,1
30144,1
30145,1
30147,1
30156,1
30160,1
30165,1
30166,1
30167,1
30168,1
30179,1
30186,1
30191,1
30192,1
30202,1
30207,1
30212,1
30213,1
30214,1
30221,1
30226,1
30229,1
30230,1
30233,1
30239,1
30241,1
30242,1
30243,1
30244,1
30248,1
30249,1
30250,1
30252,1
30253,1
30261,1
30265,1
30271,1
30274,1
30276,1
30279,1
30281,1
30284,1
30290,1
30293,1
30299,1
30304,1
30305,1
30307,1
30309,1
30312,1
30314,1
30316,1
30324,1
30326,1
30327,1
30328,1
30330,1
30333,1
30335,1
30336,1
30338,1
30340,1
30347,1
30348,1
30356,1
30357,1
30359,1
30361,1
30367,1
30371,1
30372,1
30374,1
30375,1
30376,1
30378,1
30387,1
30388,1
30390,1
30392,1
30398,1
30402,1
30406,1
30421,1
30424,1
30427,1
30428,1
30432,1
30436,1
30439,1
30444,1
30455,1
30460,1
30466,1
30469,1
30470,1
30471,1
30472,1
30473,1
30478,1
30482,1
30489,1
30492,1
30493,1
30494,1
30500,1
30501,1
30502,1
30503,1
30510,1
30512,1
30527,1
30528,1
30550,1
30554,1
30556,1
30563,1
30571,1
30573,1
30581,1
30582,1
30592,1
30595,1
30598,1
30602,1
30604,1
30607,1
30608,1
30610,1
30612,1
30613,1
30615,1
30616,1
30619,1
30621,1
30623,1
30625,1
30630,1
30632,1
30633,1
30636,1
30638,1
30639,1
30642,1
30644,1
30645,1
30647,1
30652,1
30653,1
30655,1
30657,1
30658,1
30659,1
30660,1
30662,1
30663,1
30665,1
30669,1
30670,1
30674,1
30675,1
30685,1
30688,1
30689,1
30693,1
30696,1
30698,1
30699,1
30700,1
30703,1
30704,1
30705,1
30708,1
30714,1
30724,1
30725,1
30726,1
30728,1
30729,1
30730,1
30732,1
30735,1
30737,1
30743,1
30744,1
30747,1
30748,1
30752,1
30754,1
30756,1
30761,1
30763,1
30764,1
30766,1
30768,1
30774,1
30775,1
30776,1
30777,1
30784,1
30785,1
30786,1
30787,1
30792,1
30794,1
30795,1
30796,1
30798,1
30804,1
30805,1
30808,1
30811,1
30812,1
30813,1
30815,1
30816,1
30821,1
30823,1
30824,1
30829,1
30833,1
30834,1
30836,1
30838,1
30840,1
30842,1
30843,1
30848,1
30849,1
30850,1
30851,1
30852,1
30854,1
30856,1
30858,1
30859,1
30861,1
30863,1
30864,1
30868,1
30870,1
30871,1
30873,1
30876,1
30878,1
30880,1
30893,1
30895,1
30896,1
30898,1
30902,1
30904,1
30908,1
30911,1
30914,1
30915,1
30920,1
30925,1
30928,1
30929,1
30930,1
30934,1
30936,1
30938,1
30939,1
30940,1
30942,1
30945,1
30949,1
30950,1
30951,1
30956,1
30958,1
30959,1
30960,1
30961,1
30965,1
30968,1
30972,1
30981,1
30983,1
30985,1
30987,1
30988,1
30993,1
31001,1
31007,1
31009,1
31010,1
31011,1
31012,1
31013,1
31014,1
31021,1
31024,1
31029,1
31030,1
31034,1
31035,1
31037,1
31041,1
31044,1
31045,1
31053,1
31062,1
31068,1
31069,1
31070,1
31073,1
31074,1
31075,1
31077,1
31079,1
31082,1
31086,1
31088,1
31089,1
31090,1
31096,1
31097,1
31099,1
31108,1
31110,1
31119,1
31123,1
31128,1
31130,1
31139,1
31143,1
31144,1
31145,1
31146,1
31150,1
31152,1
31154,1
31155,1
31158,1
31163,1
31164,1
31165,1
31167,1
31168,1
31169,1
31170,1
31173,1
31177,1
31178,1
31179,1
31181,1
31182,1
31184,1
31185,1
31199,1
31201,1
31202,1
31205,1
31208,1
31211,1
31212,1
31213,1
31215,1
31216,1
31217,1
31221,1
31223,1
31225,1
31226,1
31229,1
31231,1
31232,1
31235,1
31237,1
31238,1
31239,1
31242,1
31249,1
31252,1
31256,1
31261,1
31262,1
31264,1
31276,1
31277,1
31279,1
31280,1
31283,1
31286,1
31296,1
31299,1
31301,1
31316,1
31318,1
31324,1
31326,1
31327,1
31329,1
31331,1
31333,1
31337,1
31338,1
31339,1
31342,1
31345,1
31351,1
31352,1
31353,1
31354,1
31358,1
31359,1
31360,1
31369,1
31372,1
31374,1
31377,1
31378,1
31379,1
31380,1
31384,1
31385,1
31388,1
31392,1
31393,1
31395,1
31404,1
31406,1
31420,1
31427,1
31433,1
31434,1
31440,1
31441,1
31442,1
31443,1
31444,1
31448,1
31450,1
31458,1
31461,1
31462,1
31463,1
31464,1
31477,1
31481,1
31497,1
31499,1
31501,1
31503,1
31504,1
31507,1
31509,1
31514,1
31515,1
31516,1
31520,1
31531,1
31532,1
31533,1
31535,1
31543,1
31546,1
31549,1
31550,1
31551,1
31552,1
31554,1
31555,1
31559,1
31562,1
31564,1
31566,1
31568,1
31570,1
31571,1
31572,1
31581,1
31582,1
31588,1
31589,1
31591,1
31592,1
31595,1
31600,1
31605,1
31607,1
31613,1
31616,1
31629,1
31631,1
31632,1
31635,1
31639,1
31640,1
31654,1
31655,1
31659,1
31660,1
31664,1
31666,1
31671,1
31676,1
31678,1
31679,1
31681,1
31683,1
31684,1
31685,1
31686,1
31689,1
31690,1
31693,1
31694,1
31697,1
31698,1
31700,1
31703,1
31725,1
31728,1
31730,1
31731,1
31732,1
31735,1
31742,1
31743,1
31744,1
31745,1
31748,1
31750,1
31753,1
31755,1
31758,1
31759,1
31761,1
31765,1
31770,1
31771,1
31772,1
31774,1
31775,1
31776,1
31777,1
31778,1
31783,1
31792,1
31793,1
31795,1
31804,1
31809,1
31813,1
31814,1
31816,1
31817,1
31821,1
31822,1
31824,1
31825,1
31829,1
31830,1
31831,1
31832,1
31833,1
31834,1
31841,1
31842,1
31843,1
31844,1
31846,1
31847,1
31849,1
31852,1
31853,1
31855,1
31869,1
31870,1
31871,1
31872,1
31874,1
31876,1
31879,1
31880,1
31881,1
31888,1
31889,1
31891,1
31897,1
31904,1
31913,1
31915,1
31921,1
31923,1
31925,1
31929,1
31931,1
31935,1
31938,1
31939,1
31940,1
31941,1
31942,1
31944,1
31947,1
31960,1
31970,1
31975,1
31979,1
31982,1
31992,1
31993,1
31994,1
31995,1
31996,1
31997,1
31998,1
32011,1
32012,1
32014,1
32016,1
32018,1
32020,1
32026,1
32036,1
32039,1
32041,1
32042,1
32043,1
32048,1
32054,1
32059,1
32065,1
32080,1
32082,1
32083,1
32085,1
32091,1
32097,1
32100,1
32107,1
32108,1
32110,1
32112,1
32114,1
32146,1
32149,1
32171,1
32173,1
32179,1
32196,1
32200,1
32209,1
32212,1
32219,1
32226,1
32227,1
32228,1
32229,1
32246,1
32253,1
32257,1
32267,1
32279,1
32283,1
32285,1
32286,1
32287,1
32288,1
32296,1
32298,1
32304,1
32306,1
32307,1
32317,1
32318,1
32324,1
32325,1
32327,1
32328,1
32335,1
32339,1
32340,1
32341,1
32342,1
32345,1
32349,1
32360,1
32363,1
32364,1
32374,1
32375,1
32376,1
32379,1
32380,1
32382,1
32388,1
32394,1
32399,1
32407,1
32410,1
32411,1
32412,1
32418,1
32420,1
32424,1
32431,1
32433,1
32434,1
32437,1
32440,1
32444,1
32453,1
32454,1
32455,1
32456,1
32457,1
32458,1
32461,1
32462,1
32464,1
32465,1
32468,1
32470,1
32475,1
32476,1
32477,1
32488,1
32492,1
32494,1
32498,1
32502,1
32503,1
32505,1
32506,1
32509,1
32511,1
32517,1
32519,1
32521,1
32522,1
32528,1
32530,1
32539,1
32540,1
32547,1
32554,1
32558,1
32561,1
32565,1
32569,1
32571,1
32573,1
32579,1
32591,1
32595,1
32596,1
32601,1
32604,1
32605,1
32606,1
32607,1
32608,1
32612,1
32616,1
32617,1
32622,1
32623,1
32625,1
32626,1
32627,1
32629,1
32632,1
32634,1
32635,1
32636,1
32642,1
32643,1
32658,1
32659,1
32671,1
32681,1
32683,1
32685,1
32686,1
32694,1
32702,1
32706,1
32711,1
32712,1
32721,1
32722,1
32723,1
32725,1
32729,1
32736,1
32739,1
32745,1
32746,1
32749,1
32752,1
32754,1
32755,1
32757,1
32761,1
32763,1
32769,1
32770,1
32775,1
32777,1
32781,1
32785,1
32786,1
32790,1
32791,1
32794,1
32797,1
32801,1
32804,1
32805,1
32806,1
32809,1
32810,1
32818,1
32821,1
32824,1
32827,1
32828,1
32830,1
32833,1
32834,1
32838,1
32839,1
32850,1
32862,1
32863,1
32864,1
32867,1
32868,1
32876,1
32879,1
32880,1
32883,1
32894,1
32895,1
32896,1
32897,1
32903,1
32905,1
32906,1
32909,1
32910,1
32915,1
32916,1
32918,1
32920,1
32928,1
32929,1
32931,1
32932,1
32933,1
32936,1
32937,1
32938,1
32942,1
32945,1
32952,1
32959,1
32960,1
32961,1
32963,1
32965,1
32968,1
32970,1
32978,1
32980,1
32981,1
32983,1
32984,1
32987,1
32989,1
32990,1
32992,1
32997,1
32999,1
33000,1
33002,1
33003,1
33006,1
33008,1
33011,1
33012,1
33016,1
33018,1
33019,1
33023,1
33024,1
33026,1
33030,1
33031,1
33033,1
33034,1
33039,1
33040,1
33042,1
33045,1
33047,1
33048,1
33051,1
33059,1
33060,1
33061,1
33064,1
33067,1
33074,1
33077,1
33079,1
33080,1
33084,1
33086,1
33092,1
33093,1
33096,1
33103,1
33107,1
33111,1
33112,1
33113,1
33114,1
33119,1
33126,1
33135,1
33137,1
33140,1
33143,1
33147,1
33152,1
33153,1
33157,1
33159,1
33160,1
33162,1
33173,1
33174,1
33175,1
33179,1
33180,1
33182,1
33183,1
33184,1
33186,1
33188,1
33189,1
33193,1
33194,1
33196,1
33201,1
33204,1
33211,1
33213,1
33214,1
33217,1
33219,1
33220,1
33221,1
33223,1
33224,1
33225,1
33226,1
33229,1
33230,1
33233,1
33235,1
33237,1
33241,1
33242,1
33243,1
33248,1
33251,1
33253,1
33261,1
33262,1
33263,1
33267,1
33280,1
33286,1
33292,1
33300,1
33303,1
33312,1
33317,1
33318,1
33319,1
33322,1
33326,1
33328,1
33331,1
33335,1
33338,1
33342,1
33348,1
33351,1
33354,1
33356,1
33359,1
33363,1
33365,1
33372,1
33378,1
33379,1
33380,1
33381,1
33382,1
33383,1
33388,1
33392,1
33394,1
33395,1
33396,1
33399,1
33409,1
33413,1
33419,1
33422,1
33434,1
33437,1
33438,1
33441,1
33443,1
33450,1
33455,1
33458,1
33466,1
33473,1
33479,1
33481,1
33482,1
33483,1
33485,1
33493,1
33498,1
33508,1
33509,1
33510,1
33515,1
33516,1
33517,1
33523,1
33524,1
33534,1
33535,1
33539,1
33540,1
33542,1
33543,1
33545,1
33548,1
33549,1
33552,1
33557,1
33559,1
33564,1
33571,1
33585,1
33587,1
33590,1
33591,1
33593,1
33594,1
33596,1
33600,1
33608,1
33611,1
33612,1
33613,1
33617,1
33626,1
33628,1
33629,1
33631,1
33638,1
33643,1
33645,1
33647,1
33649,1
33651,1
33652,1
33657,1
33659,1
33665,1
33666,1
33667,1
33669,1
33671,1
33682,1
33683,1
33684,1
33685,1
33686,1
33688,1
33693,1
33697,1
33699,1
33702,1
33703,1
33705,1
33707,1
33711,1
33716,1
33718,1
33721,1
33723,1
33724,1
33725,1
33727,1
33734,1
33740,1
33741,1
33742,1
33744,1
33753,1
33757,1
33763,1
33766,1
33769,1
33775,1
33781,1
33782,1
33783,1
33786,1
33791,1
33807,1
33812,1
33813,1
33818,1
33819,1
33829,1
33831,1
33832,1
33835,1
33837,1
33838,1
33839,1
33840,1
33843,1
33845,1
33847,1
33848,1
33850,1
33851,1
33853,1
33857,1
33877,1
33878,1
33879,1
33880,1
33885,1
33888,1
33896,1
33897,1
33898,1
33906,1
33908,1
33911,1
33912,1
33913,1
33927,1
33928,1
33929,1
33931,1
33932,1
33933,1
33941,1
33944,1
33946,1
33947,1
33948,1
33957,1
33960,1
33965,1
33966,1
33969,1
33971,1
33974,1
33979,1
33980,1
33981,1
33982,1
33985,1
33986,1
33988,1
33989,1
33990,1
33992,1
33997,1
34000,1
34001,1
34010,1
34011,1
34017,1
34024,1
34026,1
34027,1
34029,1
34031,1
34036,1
34037,1
34044,1
34045,1
34047,1
34048,1
34050,1
34056,1
34068,1
34070,1
34076,1
34078,1
34083,1
34088,1
34091,1
34092,1
34093,1
34094,1
34095,1
34097,1
34098,1
34100,1
34108,1
34111,1
34120,1
34131,1
34144,1
34146,1
34147,1
34148,1
34149,1
34150,1
34161,1
34162,1
34163,1
34164,1
34166,1
34169,1
34174,1
34178,1
34191,1
34194,1
34195,1
34196,1
34202,1
34206,1
34207,1
34217,1
34225,1
34228,1
34229,1
34231,1
34232,1
34239,1
34241,1
34247,1
34250,1
34251,1
34259,1
34261,1
34263,1
34264,1
34270,1
34279,1
34283,1
34291,1
34292,1
34297,1
34298,1
34300,1
34318,1
34321,1
34323,1
34328,1
34331,1
34345,1
34348,1
34356,1
34358,1
34359,1
34366,1
34372,1
34373,1
34374,1
34378,1
34400,1
34401,1
34404,1
34405,1
34415,1
34416,1
34422,1
34430,1
34433,1
34434,1
34438,1
