ID,celkova_delka,r0,r1,r2,r3,r4,r5,r6,r7,r8,r9,r10
1,13302.96,0,0,0,354.98,8470.45,4227.67,249.87,0,0,0,0
2,16018.8,741.85,0,0,5791.02,8931.43,554.51,0,0,0,0,0
3,8956.89,0,0,0,2867.6,2866.33,1844.0,1378.95,0,0,0,0
4,0.0,0,0,0,0,0,0,0,0,0,0,0
5,12930.14,0,0,0,1900.49,8139.56,2808.83,21.89,59.36,0,0,0
6,1046.5,0,0,975.53,0,0,70.98,0,0,0,0,0
7,19894.51,0,0,94.41,0.58,9744.86,9478.24,576.42,0,0,0,0
8,11968.73,0,0,4664.2,3487.79,547.53,3208.0,61.22,0,0,0,0
9,0.0,0,0,0,0,0,0,0,0,0,0,0
10,27628.22,0,0,71.38,7095.68,10239.66,8568.21,987.07,490.29,175.93,0,0
11,18043.12,0,0,0,836.18,8627.05,7408.94,1170.95,0,0,0,0
12,10580.12,0,0,0,0,0,2300.78,4726.14,2772.5,611.53,169.17,0
13,12199.4,557.65,0,0,0,4453.25,4474.88,1647.75,528.04,537.83,0,0
14,11335.6,1984.95,0,0,0,5478.51,3400.8,471.34,0,0,0,0
15,1561.85,0,0,1561.85,0,0,0,0,0,0,0,0
16,0.0,0,0,0,0,0,0,0,0,0,0,0
17,37873.41,0,0,5782.94,17305.48,8738.73,5163.92,719.23,163.1,0,0,0
18,21893.15,0,0,0,6080.08,8422.79,5571.57,1562.02,160.84,95.84,0,0
19,19765.13,0,0,0,6178.22,8495.36,4017.97,1073.58,0,0,0,0
20,38227.9,0,0,0,0,5667.93,14943.14,12862.85,2624.44,1354.71,774.83,0
21,29310.17,0,0,0,0,0,10938.5,13900.05,3452.26,1019.37,0,0
22,32955.02,0,0,0,2651.94,7478.63,8584.43,11830.74,2088.24,321.04,0,0
23,10349.87,0,0,0,5520.74,4176.04,653.1,0,0,0,0,0
24,11822.41,0,0,0,4280.46,6655.9,605.68,280.39,0,0,0,0
25,2447.49,0,0,0,0,0,2122.37,325.11,0,0,0,0
26,1561.21,0,0,0,0,0,1429.35,131.86,0,0,0,0
27,9689.5,0,0,0,0,2916.77,4783.8,1988.94,0,0,0,0
28,12965.06,0,0,0,800.92,4568.71,5682.39,1913.03,0,0,0,0
29,10671.21,0,0,0,2379.86,6136.01,1115.68,1039.66,0,0,0,0
30,9617.53,1265.42,0,0,0,3762.06,3681.36,908.69,0,0,0,0
31,12810.25,2100.18,0,0,0,831.22,8060.06,1818.79,0,0,0,0
32,5998.11,0,0,0,0,0,359.23,5566.92,71.96,0,0,0
33,0.0,0,0,0,0,0,0,0,0,0,0,0
34,30918.76,0,0,647.03,7868.78,9114.36,11334.43,1628.3,325.88,0,0,0
35,36797.2,489.87,0,6304.94,10592.95,12701.95,6078.97,628.52,0,0,0,0
36,12463.93,0,0,0,5022.49,5127.04,2051.08,263.32,0,0,0,0
37,23527.42,0,0,0,5087.11,10158.27,7690.28,591.76,0,0,0,0
38,34861.36,0,0,0,0,7119.4,14690.43,10893.83,1803.67,354.03,0,0
39,27318.99,0,0,0,0,1282.14,3978.72,9439.24,11225.91,1314.11,78.88,0
40,20215.09,0,0,0,0,8694.41,9444.21,1763.36,313.11,0,0,0
41,0.0,0,0,0,0,0,0,0,0,0,0,0
42,12919.85,0,0,0,5266.24,7606.49,47.12,0,0,0,0,0
43,4961.67,0,0,0,2674.17,734.28,918.89,634.34,0,0,0,0
44,642.68,0,0,0,0,642.68,0,0,0,0,0,0
45,20982.71,0,0,0,241.05,9236.55,11354.6,150.51,0,0,0,0
46,3928.26,0,0,0,0,878.62,2169.74,879.9,0,0,0,0
47,16929.08,0,0,2094.72,1470.77,5197.62,7947.21,218.76,0,0,0,0
48,8526.03,0,0,4046.98,4350.57,128.48,0,0,0,0,0,0
49,0.0,0,0,0,0,0,0,0,0,0,0,0
50,10430.5,10430.5,0,0,0,0,0,0,0,0,0,0
51,23183.23,0,0,3773.33,8102.77,6058.47,3311.6,792.74,522.36,621.96,0,0
52,18380.44,0,0,0,1696.44,8318.59,5857.28,2356.11,152.02,0,0,0
53,29952.5,4.32,0,0,0,7385.44,12739.94,8826.26,996.54,0,0,0
54,12720.45,0,0,0,0,0,4179.49,5839.68,2531.07,37.61,132.61,0
55,19567.38,0,0,0,0,6832.15,4015.98,4590.65,4128.6,0,0,0
56,15967.8,0,0,0,0,6023.36,943.1,3712.93,4342.85,945.57,0,0
57,7019.92,0,0,0,0,5321.76,1698.16,0,0,0,0,0
58,18665.87,0,0,0,0,3569.26,14998.4,98.2,0,0,0,0
59,2142.34,0,0,986.01,1156.33,0,0,0,0,0,0,0
60,16323.53,3711.85,0,0,3639.98,6081.45,492.34,1507.8,840.34,49.77,0,0
61,12277.0,0,0,0,0,6388.61,4896.98,616.45,374.95,0,0,0
62,9660.92,0,0,0,0,846.14,4440.13,3639.53,735.12,0,0,0
63,12061.34,0,0,0,3422.93,6138.37,2107.2,392.85,0,0,0,0
64,16308.83,0,0,0,5987.08,6766.52,3539.06,16.17,0,0,0,0
65,12258.46,0,0,1945.91,6209.72,2946.3,1156.53,0,0,0,0,0
66,18168.86,0,0,0,0,4343.41,8762.49,3085.94,1977.01,0,0,0
67,12381.16,0,0,0,0,1188.31,7502.09,3389.15,301.62,0,0,0
68,6485.42,0,0,0,0,0,0,0,0,4618.7,1838.7,28.02
69,17047.95,0,0,0,0,739.03,6030.97,8704.96,1572.99,0,0,0
70,25838.3,126.49,0,5144.89,14707.93,5540.92,318.08,0,0,0,0,0
71,16422.47,0,0,0,5078.07,8232.57,3111.82,0,0,0,0,0
72,21295.25,58.72,0,0,4116.58,10345.71,4332.66,2215.47,226.11,0,0,0
73,3327.67,0,0,0,0,0,782.85,740.51,1550.93,253.38,0,0
74,234.64,0,0,0,0,0,0,0,0,98.3,136.34,0
75,20445.65,0,0,0,0,4809.73,8032.94,5633.8,1969.18,0,0,0
76,7128.93,0,0,0,0,4532.58,1494.29,1102.06,0,0,0,0
77,8067.15,0,0,0,0,2498.24,4547.79,863.69,120.42,37.02,0,0
78,56381.22,559.22,0,0,6621.6,8500.02,22387.34,11647.54,4260.6,1481.34,923.57,0
79,249.06,0,0,0,0,0,0,0,0,249.06,0,0
80,3817.22,0,0,0,0,0,0,0,3579.17,238.05,0,0
81,22669.58,0,0,0,0,0,6435.85,8607.26,3636.05,3990.42,0,0
82,473.21,0,0,0,0,0,0,473.21,0,0,0,0
83,6628.27,0,0,0,0,2937.7,3599.08,91.5,0,0,0,0
84,17026.79,0,0,0,0,3267.33,6236.4,4488.12,1573.49,1185.77,275.69,0
85,21827.94,2819.57,0,0,0,0,322.21,24.54,944.37,5390.25,8609.89,3717.11
86,10915.95,0,0,0,0,4963.63,4313.42,1324.4,314.49,0,0,0
87,9575.23,0,0,0,0,1558.54,825.15,5341.48,1714.62,135.44,0,0
88,17293.71,0,0,0,0,0,0,3222.76,5165.99,8657.58,247.39,0
89,7758.0,0,0,0,0,3599.12,4086.13,72.76,0,0,0,0
90,22883.25,0,0,0,9912.54,12162.21,808.5,0,0,0,0,0
91,19381.55,202.68,0,0,0,509.82,3919.99,2648.94,2698.08,5813.64,3512.39,76.01
92,9149.37,0,0,0,0,0,0,503.69,6133.97,2467.29,44.43,0
93,16511.98,0,0,0,0,0,0,1001.14,7102.78,4733.93,3674.13,0
94,14957.63,0,0,0,0,0,0,0,9456.51,5501.12,0,0
95,12682.42,0,0,0,0,0,0,1426.68,4326.39,6328.7,600.65,0
96,11930.83,0,0,0,0,0,0,10679.07,1251.76,0,0,0
97,7690.76,0,0,0,0,0,0,1788.92,5160.2,741.64,0,0
98,11999.13,0,0,1680.12,42.93,6864.3,2709.02,702.76,0,0,0,0
99,11935.58,0,0,3608.63,5807.28,1836.45,683.22,0,0,0,0,0
100,11684.92,0,0,0,5661.51,5329.84,693.57,0,0,0,0,0
101,11991.42,0,0,0,0,3694.82,5388.75,2261.45,646.4,0,0,0
102,13025.14,0,0,0,0,4483.58,2586.58,4512.38,1359.89,82.71,0,0
103,10215.29,0,0,0,0,6208.28,2829.82,610.59,566.6,0,0,0
104,31007.96,0,0,0,2821.57,9376.32,14336.95,4215.76,257.36,0,0,0
105,12948.16,0,0,0,3970.47,7171.33,1806.36,0,0,0,0,0
106,9384.81,0,0,0,0,4300.12,583.73,3230.07,1221.7,49.19,0,0
107,19514.0,0,0,0,0,2591.26,1549.74,4507.22,5673.22,3735.05,1457.52,0
108,10781.96,0,0,0,0,0,6434.53,2962.79,653.88,730.75,0,0
109,12424.59,0,0,0,0,0,5172.67,6562.77,689.16,0,0,0
110,18694.45,0,0,0,0,0,6610.32,9391.83,1915.42,776.89,0,0
111,5044.33,0,0,0,0,0,2757.63,1982.01,304.69,0,0,0
112,4222.37,0,0,0,0,0,4222.37,0,0,0,0,0
113,17021.25,0,0,0,0,4343.49,7024.79,5652.97,0,0,0,0
114,21650.85,3434.92,0,0,0,3531.86,10794.11,3630.9,259.06,0,0,0
115,22298.53,22046.77,0,0,0,0,179.9,71.86,0,0,0,0
116,10158.53,10158.53,0,0,0,0,0,0,0,0,0,0
117,17426.45,17426.45,0,0,0,0,0,0,0,0,0,0
118,18738.7,0,0,0,0,3021.44,6625.69,3626.99,3905.76,1151.08,303.57,104.18
119,23450.44,0,0,0,0,0,6813.64,13370.26,3260.47,6.07,0,0
120,37907.88,154.28,0,0,4534.9,9971.85,13430.1,8186.14,1482.52,148.08,0,0
121,24313.51,112.93,0,0,0,0,12377.07,10391.32,1432.2,0,0,0
122,30814.63,0,0,0,0,0,6371.72,12692.08,9252.47,2019.29,479.07,0
123,19182.47,0,0,0,0,0,0,5513.94,9725.97,3942.56,0,0
124,11523.34,0,0,0,0,0,4041.66,5157.31,2324.37,0,0,0
125,10107.18,0,0,0,0,4051.83,5231.11,824.24,0,0,0,0
126,12745.88,0,0,0,0,0,3029.43,7145.37,1439.47,1131.61,0,0
127,11223.43,0,0,0,0,5342.08,5881.35,0,0,0,0,0
128,19379.55,17425.33,0,0,0,0,0,1170.93,783.29,0,0,0
129,19816.91,0,0,0,0,4044.06,12271.61,2726.27,472.37,302.6,0,0
130,14590.42,0,0,0,32.75,537.95,0,3899.55,3977.97,5269.74,872.48,0
131,16071.31,0,0,0,7606.02,6963.29,1502.0,0,0,0,0,0
132,17991.22,0,0,0,0,4285.03,2920.9,4456.56,3896.52,1344.64,1087.57,0
133,33460.18,0,0,0,4511.6,11388.92,10500.6,5286.3,1772.75,0,0,0
134,21172.45,1778.79,0,0,0,7327.15,7442.79,4118.27,505.45,0,0,0
135,15101.4,0,0,0,0,0,0,5239.98,7210.0,2552.51,98.91,0
136,7413.07,0,0,0,0,0,0,2225.35,1939.78,3247.94,0,0
137,8533.21,0,0,0,0,0,2431.73,4174.57,1180.19,746.72,0,0
138,12028.74,0,0,0,0,0,0,3367.02,4780.59,1459.03,1838.01,584.09
139,13576.86,0,0,0,0,0,0,2228.53,2048.89,3858.53,5194.14,246.77
140,7442.64,0,0,0,0,0,3673.52,2623.61,380.45,0,765.07,0
141,7836.8,0,0,0,0,0,1065.25,4742.95,2004.2,24.41,0,0
142,9299.5,0,0,0,0,315.27,4688.68,3853.31,442.24,0,0,0
143,8631.01,0,0,0,0,3530.49,4986.75,113.77,0,0,0,0
144,5536.12,0,0,0,0,0,2537.69,2789.74,208.69,0,0,0
145,11558.98,0,0,0,0,0,4290.5,5641.15,1627.32,0,0,0
146,15145.53,0,0,0,0,0,7824.08,7120.78,200.67,0,0,0
147,20305.66,0,0,0,0,0,1675.72,7324.41,7051.9,3717.28,536.34,0
148,11061.61,0,0,0,1517.89,2255.26,1816.92,0,3504.59,1711.84,255.11,0
149,8151.56,0,0,0,3892.96,3480.8,524.55,131.52,121.72,0,0,0
150,14717.16,0,0,0,1843.46,4109.15,6710.83,1728.37,325.35,0,0,0
151,17424.76,0,0,0,0,6405.31,6579.93,3682.68,756.83,0,0,0
152,18666.35,0,0,0,0,0,739.71,6131.84,5294.74,5231.3,1268.76,0
153,21196.08,0,0,0,0,0,5070.7,11066.08,4319.79,739.51,0,0
154,13207.16,0,0,0,0,0,0,5945.31,6031.02,1230.83,0,0
155,16131.91,0,0,0,0,0,4895.97,9566.35,1544.18,125.41,0,0
156,10784.76,0,0,0,0,0,0,0,3776.64,5411.57,1596.55,0
157,11827.16,0,0,0,0,0,2891.25,7799.26,1136.65,0,0,0
158,11450.0,0,0,0,0,2156.16,7604.44,1590.05,99.35,0,0,0
159,1905.37,0,0,0,0,0,1413.21,492.16,0,0,0,0
160,14486.4,0,0,2205.04,4750.59,5727.66,1620.54,182.57,0,0,0,0
161,18862.8,0,0,0,1040.12,8930.44,6544.5,2242.95,104.79,0,0,0
162,17043.69,0,0,0,2470.85,5541.57,7073.38,1858.0,99.89,0,0,0
163,29559.27,0,0,0,2063.44,9348.06,14177.38,3970.39,0,0,0,0
164,26349.36,0,0,0,0,5157.52,11922.83,8469.86,799.15,0,0,0
165,17487.83,0,0,0,0,0,5646.42,8255.54,2881.36,704.51,0,0
166,19322.38,0,0,0,0,4952.39,6787.61,1732.7,4270.07,1579.62,0,0
167,16141.66,0,0,0,0,0,0,5264.78,8790.22,2086.67,0,0
168,11462.61,0,0,0,0,0,0,0,1534.19,7213.66,2517.73,197.04
169,10043.3,0,0,0,0,0,4363.84,2743.89,2312.83,622.73,0,0
170,19836.2,0,0,0,0,0,7417.86,9253.3,3163.81,1.23,0,0
171,13717.17,0,0,0,0,311.74,4224.53,4910.73,2749.91,1486.34,33.92,0
172,16007.48,1381.05,0,5155.33,7875.68,1595.42,0,0,0,0,0,0
173,14322.17,206.11,0,0,4316.92,8111.91,1378.49,308.74,0,0,0,0
174,21006.24,0,0,0,0,4353.64,7131.29,1572.16,6852.54,1023.62,72.98,0
175,21449.51,0,0,0,0,5078.03,8939.19,4924.7,2140.93,366.66,0,0
176,15700.73,0,0,0,3803.91,6903.51,4856.71,136.59,0,0,0,0
177,13070.87,0,0,0,2303.83,5697.25,4584.25,485.54,0,0,0,0
178,24841.82,0,0,0,4152.46,6162.83,6005.33,7764.98,756.22,0,0,0
179,17570.4,0,0,0,0,0,4709.75,8415.87,3589.74,646.41,208.63,0
180,16874.8,0,0,0,0,0,0,9284.05,6994.73,596.02,0,0
181,18642.09,0,0,0,0,711.02,0,4182.81,9343.84,3755.06,399.85,249.52
182,16481.67,0,0,0,0,0,0,4124.82,7215.03,5016.77,125.05,0
183,12974.76,0,0,0,0,0,0,123.02,6212.11,5105.87,1422.22,111.54
184,17116.7,0,0,0,0,0,3815.11,8715.56,3655.51,930.51,0,0
185,13585.91,0,0,0,0,0,7089.81,4836.34,1659.76,0,0,0
186,0.0,0,0,0,0,0,0,0,0,0,0,0
187,18967.65,0,0,0,0,0,890.72,4062.38,6723.25,6323.86,967.45,0
188,13262.31,0,0,0,0,0,5231.25,7610.12,420.93,0,0,0
189,9185.84,0,0,0,1801.13,5838.82,1461.8,84.09,0,0,0,0
190,15744.43,0,0,0,0,3217.52,9162.16,2386.97,559.07,418.71,0,0
191,18053.5,0,0,0,0,0,0,5368.81,9556.69,3026.09,101.92,0
192,13806.52,0,0,0,0,0,3423.04,3921.69,3417.57,2012.63,1031.6,0
193,18231.51,0,0,0,0,0,0,0,6477.46,8226.86,2583.01,944.18
194,13272.42,0,0,0,0,0,670.63,5972.37,2854.81,2924.58,850.04,0
195,8549.44,5045.63,0,0,0,0,0,0,0,0,1738.04,1765.77
196,14172.61,0,0,0,0,4572.19,7487.99,1163.71,727.88,220.84,0,0
197,12901.2,0,0,0,888.72,8920.02,3092.46,0,0,0,0,0
198,22626.1,0,0,4751.6,16226.06,1562.33,86.12,0,0,0,0,0
199,19879.57,0,0,0,0,5548.99,12303.43,2027.16,0,0,0,0
200,12377.78,0,0,0,0,0,0,449.14,5954.23,5192.6,781.81,0
201,15889.78,0,0,0,0,0,0,682.43,4539.91,7703.78,2511.93,451.72
202,15537.16,0,0,0,0,0,828.29,4795.34,7197.51,2272.55,443.47,0
203,12344.08,0,0,3236.17,5687.72,2961.16,459.03,0,0,0,0,0
204,23387.27,0,0,3995.09,10929.81,7567.24,68.95,826.17,0,0,0,0
205,18253.6,0,0,0,4520.9,7020.46,3856.04,2856.19,0,0,0,0
206,29120.7,8745.86,0,0,0,0,0,4436.44,5290.97,965.21,4899.16,4783.06
207,12101.65,4571.84,0,0,0,0,0,3955.52,2814.7,759.6,0,0
208,14061.38,0,0,0,0,0,0,1653.24,4835.12,5701.79,1788.71,82.53
209,14214.01,0,0,0,0,2135.35,6050.48,1786.03,1735.32,2003.82,503.01,0
210,19532.18,0,0,0,0,3874.57,8332.86,6179.04,1145.7,0,0,0
211,8963.43,0,0,0,0,0,2305.25,3934.06,2326.04,398.07,0,0
212,8405.97,0,0,0,0,0,1745.48,6197.67,462.82,0,0,0
213,15013.17,28.1,0,0,0,0,2967.26,3484.44,4745.58,3676.38,111.42,0
214,19506.81,0,0,0,3253.11,2396.05,4422.69,4619.31,3586.45,1093.9,135.31,0
215,22384.41,0,0,4887.68,14028.28,3418.45,50.0,0,0,0,0,0
216,12407.37,0,0,0,5617.93,5843.01,946.43,0,0,0,0,0
217,16014.62,0,0,0,0,5636.04,8736.53,1642.05,0,0,0,0
218,8846.92,0,0,0,0,589.72,603.91,3431.28,3472.35,712.99,15.0,21.66
219,16269.36,0,0,0,0,0,0,6541.38,5972.61,3397.61,357.76,0
220,6683.83,0,0,0,0,330.83,1888.55,1526.02,2536.44,401.99,0,0
221,19721.12,0,0,0,0,0,0,1423.47,3835.84,7631.92,4775.09,2054.8
222,17714.56,103.46,0,0,0,0,0,5223.44,6531.6,4545.49,627.67,682.9
223,20753.27,0,0,0,0,0,2446.04,9112.83,8109.99,709.93,374.48,0
224,10814.7,0,0,0,0,3268.51,6798.59,747.6,0,0,0,0
225,10079.78,0,0,0,3251.54,6554.27,246.22,27.74,0,0,0,0
226,29769.94,0,0,4744.05,6720.97,7201.87,2201.43,4847.13,4054.5,0,0,0
227,24393.24,1277.14,0,0,0,0,4640.13,10560.73,3694.7,459.8,1838.61,1922.14
228,20730.73,0,0,0,0,0,0,7336.9,11011.72,2176.99,205.13,0
229,9600.07,0,0,0,0,3277.89,2296.17,2677.94,1348.06,0,0,0
230,20356.72,0,0,0,0,0,7303.82,9238.44,3150.71,663.76,0,0
231,9433.24,0,0,0,0,0,3116.8,3558.47,2536.13,221.84,0,0
232,22637.94,0,0,0,0,0,0,6354.08,8143.08,5005.41,2906.97,228.4
233,21308.17,0,0,0,0,0,6704.15,9207.23,4735.76,449.08,211.96,0
234,12115.98,0,0,0,0,0,1532.56,6905.88,2590.78,1086.75,0,0
235,11707.67,0,0,0,0,0,0,3319.29,5138.88,3249.5,0,0
236,18105.59,0,0,0,10814.29,6261.05,1030.25,0,0,0,0,0
237,20272.09,0,0,4844.67,6516.67,7678.48,0,1128.8,103.47,0,0,0
238,10829.85,0,0,0,0,446.83,0,4932.85,3689.4,1377.73,383.03,0
239,32573.65,0,0,0,0,4660.12,11771.22,12670.35,2890.66,581.29,0,0
240,29466.8,0,0,0,0,0,0,9360.58,13389.71,5898.96,817.56,0
241,16743.34,0,0,0,0,0,0,8178.6,6844.22,1720.53,0,0
242,12441.95,0,0,0,0,0,1191.9,6251.79,4888.72,109.54,0,0
243,13539.24,0,0,0,0,0,0,0,6028.88,6635.68,874.69,0
244,6212.0,0,0,0,4361.34,1709.38,141.29,0,0,0,0,0
245,9536.71,0,0,0,2822.09,1660.08,34.17,2945.33,1930.82,144.22,0,0
246,22067.63,0,0,0,5176.98,8053.61,5893.49,2943.55,0,0,0,0
247,29546.29,0,0,0,3126.8,5413.11,12839.41,5903.1,1698.83,565.03,0,0
248,22806.07,0,0,0,0,4879.48,6133.54,8095.89,3422.72,274.44,0,0
249,19115.66,0,0,847.54,5534.91,11287.12,1446.09,0,0,0,0,0
250,978.28,0,0,0,0,839.93,138.35,0,0,0,0,0
251,12761.96,0,0,0,1862.47,9748.62,1150.87,0,0,0,0,0
252,30668.1,0,0,0,1129.62,9721.26,17269.36,2507.72,40.14,0,0,0
253,14382.13,0,0,0,2372.64,5650.6,4315.23,1858.46,185.2,0,0,0
254,15624.45,0,0,0,0,5132.76,7674.63,2604.88,212.18,0,0,0
255,10276.07,1777.17,0,0,0,1106.48,849.55,3599.92,2580.12,362.83,0,0
256,11107.51,342.6,0,0,0,4320.55,3991.02,2314.1,139.23,0,0,0
257,15119.41,36.63,0,0,675.53,1587.22,5619.48,4958.77,1250.1,877.97,113.72,0
258,20228.33,0,0,0,0,1828.56,1179.85,4940.72,8342.48,3667.55,269.17,0
259,10535.91,0,0,0,0,0,0,2852.91,3755.04,3927.96,0,0
260,14321.02,0,0,0,4977.64,8631.62,711.76,0,0,0,0,0
261,9915.43,0,0,5079.98,1293.45,1305.49,619.44,1617.06,0,0,0,0
262,13377.61,0,0,0,0,3164.58,4328.06,5727.74,157.23,0,0,0
263,21540.02,0,0,0,2037.03,10549.13,6257.5,2637.81,58.55,0,0,0
264,15622.17,0,0,0,0,0,2281.55,4162.89,6535.28,2232.86,409.58,0
265,19996.53,0,0,0,4915.13,10181.12,3347.92,1303.32,249.04,0,0,0
266,24378.82,485.22,0,0,6196.58,8938.53,6797.08,1961.39,0,0,0,0
267,17976.68,333.94,0,0,4337.79,7325.47,4737.85,510.52,0,212.06,519.07,0
268,17664.46,0,0,0,0,4382.3,4937.25,5748.49,2187.87,335.08,73.47,0
269,16662.65,0,0,0,0,0,1165.91,4644.89,9301.12,1534.57,16.16,0
270,10238.23,0,0,0,0,0,0,2069.66,7594.0,574.57,0,0
271,6652.69,0,0,0,2300.11,4352.58,0,0,0,0,0,0
272,22867.32,0,0,0,5037.45,13053.63,3748.92,918.86,108.45,0,0,0
273,28306.97,0,0,0,4553.21,7267.11,12708.27,3711.64,66.74,0,0,0
274,27655.3,0,0,0,0,10727.04,11227.08,4698.16,1003.01,0,0,0
275,18084.79,0,0,0,0,5934.57,8259.37,3723.71,167.14,0,0,0
276,1191.67,0,0,0,0,0,0,755.15,319.73,116.78,0,0
277,23355.47,0,0,0,0,0,0,5141.14,11132.37,5136.36,1945.61,0
278,16842.81,0,0,0,0,5400.45,6938.68,3991.05,512.63,0,0,0
279,7248.07,0,0,0,0,4351.92,1516.77,1332.49,46.89,0,0,0
280,10647.58,0,0,0,1235.2,3643.16,2450.3,1965.99,1352.92,0,0,0
281,1323.97,0,0,0,555.76,768.21,0,0,0,0,0,0
282,20816.57,0,0,0,0,13038.07,5656.18,1796.53,325.79,0,0,0
283,23272.81,0,0,2976.42,6790.26,4034.85,5583.73,3501.78,385.77,0,0,0
284,24369.47,0,0,5053.64,12035.92,5896.82,604.47,670.01,108.61,0,0,0
285,20824.46,0,0,4119.74,9230.45,4541.08,2761.08,172.1,0,0,0,0
286,13431.35,0,0,0,0,0,5467.78,5509.99,2453.58,0,0,0
287,22250.71,428.09,0,0,0,0,0,1734.84,5664.05,7873.84,4095.98,2453.92
288,8984.42,0,0,0,0,0,3034.62,2315.5,2255.24,1140.32,238.74,0
289,6838.23,0,0,0,0,0,3563.03,2998.58,276.62,0,0,0
290,11140.25,0,0,0,0,0,3409.57,5235.16,1887.92,607.6,0,0
291,21763.15,0,0,0,6302.87,10710.51,3136.55,1613.23,0,0,0,0
292,16125.3,0,0,0,3699.15,8241.01,4005.67,179.48,0,0,0,0
293,16192.25,0,0,0,0,6315.11,5509.5,4300.14,67.5,0,0,0
294,13266.93,0,0,0,186.14,0,6137.5,6026.87,916.41,0,0,0
295,3201.92,0,0,0,3011.72,0,190.2,0,0,0,0,0
296,517.75,0,0,0,316.68,201.07,0,0,0,0,0,0
297,8950.31,0,0,0,0,325.19,4044.8,3692.99,887.33,0,0,0
298,2668.41,0,0,0,0,0,349.04,1096.82,1222.54,0,0,0
299,15634.94,0,0,0,0,0,5425.04,8688.79,1209.18,311.93,0,0
300,10225.97,0,0,0,0,0,2580.38,3088.34,3714.93,842.31,0,0
301,13335.55,0,0,0,0,0,4091.58,7758.92,1246.26,238.79,0,0
302,11622.59,0,0,0,438.7,0,5246.02,4349.3,1355.79,232.77,0,0
303,19033.39,0,0,0,0,5886.07,10240.43,2906.88,0,0,0,0
304,18771.1,0,0,0,0,5309.23,10716.96,2744.9,0,0,0,0
305,18966.79,0,0,0,7044.83,10218.58,1703.38,0,0,0,0,0
306,5761.72,0,0,0,4736.66,934.84,90.22,0,0,0,0,0
307,12199.98,0,0,0,449.94,5506.95,6243.1,0,0,0,0,0
308,8696.03,0,0,0,0,0,1239.09,1160.6,3716.97,1873.8,695.62,9.94
309,13994.6,0,0,0,0,0,6588.61,3017.41,3343.56,1045.02,0,0
310,17482.51,0,0,0,0,0,9364.25,4642.96,3256.99,218.32,0,0
311,17461.33,0,0,0,0,0,6010.91,7670.01,2788.37,992.04,0,0
312,17162.66,0,0,0,0,9175.84,5976.22,2010.61,0,0,0,0
313,18106.05,0,0,0,0,4689.89,11540.99,1875.17,0,0,0,0
314,15365.85,0,0,0,0,4705.69,9892.79,767.38,0,0,0,0
315,16733.96,0,0,0,0,9263.49,5608.5,1621.88,102.88,0,137.21,0
316,20602.18,0,0,0,1858.69,6606.35,7724.99,3145.63,1266.52,0,0,0
317,18316.66,0,0,0,8428.3,7371.88,2467.83,48.65,0,0,0,0
318,13117.46,89.46,0,0,1214.78,3770.83,6747.89,676.74,617.77,0,0,0
319,16435.69,0,0,2343.32,4986.61,5659.52,3385.79,60.46,0,0,0,0
320,17654.14,0,0,2630.8,5794.58,5399.74,3124.29,704.73,0,0,0,0
321,13325.83,0,0,0,3621.49,5971.57,2790.6,942.18,0,0,0,0
322,18513.38,0,0,0,0,0,5154.69,8800.07,3930.6,628.01,0,0
323,15033.91,0,0,0,0,0,4609.93,8462.71,1961.27,0,0,0
324,3684.59,0,0,0,0,0,2656.98,902.83,124.78,0,0,0
325,16247.57,0,0,0,7680.15,4152.89,4414.53,0,0,0,0,0
326,5697.92,0,0,0,0,0,4317.92,1380.0,0,0,0,0
327,5024.93,0,0,0,0,0,4483.36,516.79,24.78,0,0,0
328,11773.02,0,0,0,0,4341.48,6374.39,864.43,192.72,0,0,0
329,13786.46,0,0,0,621.15,10692.37,2297.34,175.6,0,0,0,0
330,11759.37,0,0,0,0,3631.35,6389.43,1738.6,0,0,0,0
331,15264.25,0,0,0,0,5017.22,7773.24,2473.79,0,0,0,0
332,21067.35,0,0,0,0,5225.29,12302.78,3207.55,331.73,0,0,0
333,16260.21,0,0,0,7744.7,6365.04,2027.49,122.98,0,0,0,0
334,17989.92,0,0,0,0,0,4331.56,7592.57,5052.38,979.96,33.44,0
335,8054.64,0,0,0,0,166.82,2743.51,1990.24,1533.21,1620.87,0,0
336,20999.26,0,0,0,855.74,3005.64,1870.17,5064.57,7575.04,2628.1,0,0
337,305.03,0,0,0,200.35,104.68,0,0,0,0,0,0
338,321.92,0,0,0,0,0,0,0,321.92,0,0,0
339,0.0,0,0,0,0,0,0,0,0,0,0,0
340,17153.58,0,0,0,6368.48,8421.92,2175.29,187.89,0,0,0,0
341,19072.64,0,0,0,6928.75,7891.54,4128.42,123.93,0,0,0,0
342,19056.69,333.79,0,0,0,0,5635.56,10557.09,2530.26,0,0,0
343,15148.59,0,0,0,0,0,5808.3,8578.56,761.73,0,0,0
344,12114.14,0,0,0,0,412.31,7072.48,3486.21,1001.13,142.01,0,0
345,17300.1,0,0,0,5297.92,8136.3,1744.27,2049.64,71.97,0,0,0
346,16781.7,0,0,0,0,0,3281.2,9844.1,3656.4,0,0,0
347,10549.97,0,0,0,0,4974.32,401.18,5174.48,0,0,0,0
348,4333.39,83.6,0,0,0,2470.96,1053.85,724.98,0,0,0,0
349,21904.95,0,0,4752.21,11186.83,5440.29,525.62,0,0,0,0,0
350,2825.86,0,0,0,1718.08,973.62,134.16,0,0,0,0,0
351,18450.81,0,0,0,7209.28,9571.49,1670.04,0,0,0,0,0
352,13132.09,0,0,0,0,4990.58,7377.83,661.76,101.92,0,0,0
353,6571.34,0,0,0,0,2967.34,3211.21,392.79,0,0,0,0
354,12145.88,0,0,0,0,5342.84,6287.71,515.33,0,0,0,0
355,5521.26,0,0,0,0,2639.47,2017.04,864.75,0,0,0,0
356,12244.07,0,0,0,0,4949.96,3164.34,1257.27,1349.34,1398.03,125.13,0
357,18277.26,0,0,0,0,0,4080.55,9798.51,3603.0,795.19,0,0
358,11239.13,0,0,0,1367.88,8266.93,1604.31,0,0,0,0,0
359,21662.57,0,0,0,470.08,2205.96,5194.76,8755.95,4542.44,493.38,0,0
360,15626.29,0,0,0,2692.49,4990.79,6426.35,1492.74,23.94,0,0,0
361,10293.54,0,0,0,2089.96,6663.13,1240.07,300.38,0,0,0,0
362,22646.51,0,0,0,0,0,6770.33,11995.58,3712.18,53.31,115.11,0
363,15228.56,0,0,0,0,5721.72,7078.72,2382.98,45.13,0,0,0
364,11478.49,0,0,0,0,1232.14,6946.35,2813.41,486.59,0,0,0
365,13264.29,0,0,0,0,4425.35,5863.22,1989.19,986.54,0,0,0
366,20831.93,0,0,0,1489.73,5692.56,7977.18,4587.86,1084.6,0,0,0
367,16793.7,0,0,4889.34,9323.77,2416.71,163.89,0,0,0,0,0
368,10588.3,0,0,1229.08,2051.93,2617.08,3830.18,695.86,164.18,0,0,0
369,15420.43,0,0,4092.43,3383.77,6337.97,1441.97,164.27,0,0,0,0
370,5662.48,0,0,0,0,4362.33,1190.92,109.22,0,0,0,0
371,9894.81,0,0,0,0,4666.7,2672.61,538.13,1518.99,498.39,0,0
372,17292.16,0,0,0,0,0,2521.29,9301.39,5149.89,319.6,0,0
373,11717.44,0,0,0,0,1130.84,5990.51,3580.37,542.37,473.35,0,0
374,11312.76,0,0,0,5057.42,5452.66,771.27,31.42,0,0,0,0
375,12845.66,0,0,0,4462.76,4776.9,2291.97,744.39,569.64,0,0,0
376,14862.83,0,0,0,6054.9,7095.0,1712.93,0,0,0,0,0
377,21205.29,0,0,5051.47,11415.34,4083.95,654.53,0,0,0,0,0
378,16048.25,0,0,2616.79,6551.38,4738.65,2141.43,0,0,0,0,0
379,22484.93,0,0,0,4980.26,12907.1,4193.25,404.32,0,0,0,0
380,10727.18,0,0,0,1864.86,6626.78,1798.58,436.95,0,0,0,0
381,14676.71,0,0,4191.62,6657.64,3278.0,403.08,146.37,0,0,0,0
382,22229.5,0,0,0,0,0,7711.29,10355.09,3815.37,347.75,0,0
383,15093.29,0,0,0,0,11378.25,3473.83,241.22,0,0,0,0
384,33026.47,0,0,5371.82,4989.75,14053.89,4561.91,4049.09,0,0,0,0
385,9943.23,0,0,0,0,6691.86,2854.65,396.73,0,0,0,0
386,13146.35,0,0,0,4535.28,6249.93,1992.99,368.15,0,0,0,0
387,213.15,0,0,0,0,0,213.15,0,0,0,0,0
388,7453.57,0,0,0,0,0,1414.74,4424.47,1370.24,244.12,0,0
389,11995.42,0,0,0,0,2445.31,8214.11,1162.04,173.96,0,0,0
390,14167.51,0,0,0,4778.68,6547.28,2802.91,38.64,0,0,0,0
391,14520.86,0,0,5001.55,5140.16,2917.24,1461.91,0,0,0,0,0
392,9075.77,0,0,0,5250.16,3690.56,135.05,0,0,0,0,0
393,21118.71,0,0,0,0,6132.43,12148.77,2430.79,406.72,0,0,0
394,12561.39,0,0,0,5113.48,6633.16,814.75,0,0,0,0,0
395,8783.28,0,0,0,7089.67,921.03,731.03,41.55,0,0,0,0
396,9418.44,0,0,536.79,3968.57,3953.42,959.65,0,0,0,0,0
397,17701.29,0,0,3786.72,4611.05,6739.87,2563.64,0,0,0,0,0
398,14381.82,0,0,0,0,4057.67,6434.37,2299.63,829.28,760.88,0,0
399,22026.11,0,0,0,5060.43,12359.11,4286.52,320.05,0,0,0,0
400,24755.13,0,0,5144.8,13639.71,5747.9,222.73,0,0,0,0,0
401,18868.72,0,0,0,0,4714.25,9547.11,4607.36,0,0,0,0
402,14880.81,0,0,0,2046.04,5336.21,5324.39,2174.17,0,0,0,0
403,8428.43,0,0,0,0,348.58,5582.53,2497.32,0,0,0,0
404,9071.25,0,0,0,2741.0,4067.14,1962.84,300.26,0,0,0,0
405,8339.35,0,0,1732.64,6606.71,0,0,0,0,0,0,0
406,17505.03,0,0,0,36.16,4347.47,9928.33,3106.05,87.02,0,0,0
407,14186.29,0,0,0,0,1412.21,5764.68,5552.17,968.73,488.5,0,0
408,19800.19,0,0,7333.73,10601.63,1864.83,0,0,0,0,0,0
409,9993.3,0,0,0,5942.33,3838.49,212.48,0,0,0,0,0
410,14255.07,0,0,5072.53,6982.85,908.73,1153.9,137.06,0,0,0,0
411,10880.44,0,0,0,0,4309.76,4146.56,2277.75,146.38,0,0,0
412,31683.29,0,0,5967.72,17252.23,7141.9,1321.44,0,0,0,0,0
413,15877.57,0,0,0,6002.95,5041.67,4402.6,430.35,0,0,0,0
414,17491.79,0,0,0,5253.8,10959.83,1219.75,58.42,0,0,0,0
415,16327.69,0,0,0,1335.96,8380.49,3978.82,2572.82,59.59,0,0,0
416,26035.43,640.61,0,0,8791.16,9376.72,6870.54,356.4,0,0,0,0
417,19298.9,0,0,0,45.72,2900.11,599.62,4693.5,9670.39,1389.56,0,0
418,15806.45,0,0,0,4530.13,7443.55,818.48,143.76,2277.51,593.01,0,0
419,13878.71,0,0,0,3524.87,8944.65,1409.19,0,0,0,0,0
420,12400.66,0,0,0,3132.03,8405.27,825.75,37.62,0,0,0,0
421,13082.36,0,0,0,9672.16,1976.0,1434.2,0,0,0,0,0
422,11992.46,0,0,4102.08,7781.77,78.24,30.37,0,0,0,0,0
423,12808.44,0,0,0,0,8032.37,4776.07,0,0,0,0,0
424,12936.76,0,0,4689.4,4293.73,3586.19,367.45,0,0,0,0,0
425,10468.62,0,0,2112.6,6415.89,1827.11,113.02,0,0,0,0,0
426,8773.67,0,0,4879.23,3469.28,425.16,0,0,0,0,0,0
427,14483.6,90.82,0,0,7926.48,6013.22,453.07,0,0,0,0,0
428,15340.84,0,0,0,1154.58,8486.38,5574.51,125.38,0,0,0,0
429,26366.92,0,0,3762.44,9906.56,5862.14,4186.92,2372.67,276.2,0,0,0
430,17172.81,0,0,0,1217.76,11427.09,4527.96,0,0,0,0,0
431,10671.39,0,0,0,4139.55,6531.84,0,0,0,0,0,0
432,14282.69,184.62,0,4034.43,8267.95,1795.69,0,0,0,0,0,0
433,29801.23,0,0,6192.78,12353.19,7767.31,3260.03,227.92,0,0,0,0
434,21251.55,0,0,0,0,0,5253.37,10004.21,5650.74,343.23,0,0
435,9679.15,0,0,0,93.66,3507.25,2631.09,2869.83,420.88,156.45,0,0
436,16464.31,0,0,0,3216.3,9000.09,3565.23,682.69,0,0,0,0
437,13440.92,0,0,0,0,1687.45,8733.88,2118.45,901.14,0,0,0
438,10202.59,0,0,0,1470.27,4400.35,4306.23,25.74,0,0,0,0
439,21131.48,0,0,4099.12,15914.57,1117.79,0,0,0,0,0,0
440,16188.51,0,0,1864.95,8077.36,3432.35,2813.85,0,0,0,0,0
441,11567.43,914.43,0,2276.89,5703.42,1557.21,988.82,126.67,0,0,0,0
442,17133.63,39.33,0,3306.88,8178.33,5609.09,0,0,0,0,0,0
443,9230.47,0,0,3143.94,4346.22,1740.3,0,0,0,0,0,0
444,24444.17,99.57,0,8499.85,14218.41,1626.34,0,0,0,0,0,0
445,4537.56,0,0,0,1265.12,3272.44,0,0,0,0,0,0
446,17437.73,0,0,4682.53,4401.08,5256.1,3098.01,0,0,0,0,0
447,29652.96,0,0,6517.49,11395.17,8540.22,2366.45,833.62,0,0,0,0
448,10473.25,0,0,0,3107.22,6302.12,448.32,0,615.6,0,0,0
449,7542.9,25.22,0,0,1763.5,3181.22,2497.82,75.14,0,0,0,0
450,17144.96,50.97,0,0,0,6823.55,7349.12,2921.32,0,0,0,0
451,25726.53,0,0,0,0,3480.35,12907.16,8081.68,1257.34,0,0,0
452,23310.29,0,0,0,0,5251.57,11919.96,4530.95,1287.02,320.8,0,0
453,20889.36,0,0,0,0,3906.42,8874.33,4770.83,2717.37,620.42,0,0
454,18699.74,0,0,0,0,7427.95,7919.78,2414.24,614.19,169.84,153.75,0
455,9409.67,0,0,0,0,1808.79,4940.32,2136.65,523.92,0,0,0
456,7177.99,0,0,0,0,0,5700.18,1346.91,130.9,0,0,0
457,11021.14,0,0,0,4861.05,3944.79,1538.23,508.58,168.5,0,0,0
458,19808.53,0,0,0,11995.36,7076.46,662.19,74.53,0,0,0,0
459,4652.22,150.87,0,0,0,2239.74,1765.47,496.13,0,0,0,0
460,10155.13,57.75,0,0,4821.2,4596.3,679.88,0,0,0,0,0
461,10583.83,0,0,0,5047.39,4907.66,628.78,0,0,0,0,0
462,11264.96,0,0,0,4717.18,3907.69,2403.19,236.91,0,0,0,0
463,2230.57,0,0,1530.93,699.64,0,0,0,0,0,0,0
464,11738.5,0,3610.63,7091.41,1036.46,0,0,0,0,0,0,0
465,13157.06,0,5063.28,7266.56,827.22,0,0,0,0,0,0,0
466,17111.28,244.62,4395.16,4933.17,5601.49,1936.84,0,0,0,0,0,0
467,19594.44,535.42,4458.43,5493.58,6925.98,1957.15,223.88,0,0,0,0,0
468,16438.04,0,2294.13,9341.34,4277.87,524.7,0,0,0,0,0,0
469,19274.2,0,0,3702.96,10956.57,4360.96,213.55,40.16,0,0,0,0
470,19115.2,0,0,0,0,3296.78,7421.08,6334.09,1282.94,655.38,124.94,0
471,37515.16,0,0,0,7890.85,10199.01,9828.43,5537.12,2529.93,999.36,530.45,0
472,16119.77,0,0,0,0,4900.0,8894.13,2086.49,239.15,0,0,0
473,11962.65,0,0,0,452.27,8410.49,2674.65,425.23,0,0,0,0
474,10111.75,0,0,0,572.35,8333.61,1205.78,0,0,0,0,0
475,13689.21,0,0,0,1038.44,6485.52,4107.04,1911.45,146.77,0,0,0
476,17496.6,739.63,0,0,0,2958.04,7399.69,6190.07,209.17,0,0,0
477,14227.21,0,0,0,0,0,6327.85,6514.21,737.8,464.55,182.81,0
478,10203.73,0,0,0,0,0,7924.17,1663.61,615.95,0,0,0
479,11317.38,64.84,0,0,0,3117.69,3830.23,2974.66,1329.96,0,0,0
480,12274.38,0,0,0,0,0,7883.09,3089.92,1301.37,0,0,0
481,7511.63,0,0,0,0,662.63,3062.86,3580.76,205.39,0,0,0
482,8543.98,392.32,0,0,0,20.28,6264.09,1867.29,0,0,0,0
483,17637.54,0,0,0,0,6502.24,9789.67,1123.86,221.77,0,0,0
484,11734.67,0,0,0,5625.76,4501.5,1388.12,219.28,0,0,0,0
485,5562.18,0,0,0,4258.57,1287.14,16.48,0,0,0,0,0
486,7565.11,0,0,4113.81,3451.29,0,0,0,0,0,0,0
487,17279.02,0,0,0,5150.24,9459.24,2554.56,114.99,0,0,0,0
488,13073.63,0,0,2395.15,4774.65,3490.07,1033.43,1040.97,339.36,0,0,0
489,9302.4,0,0,0,3414.2,5888.2,0,0,0,0,0,0
490,14881.0,0,0,1234.34,7261.7,4730.31,1457.7,196.95,0,0,0,0
491,4806.19,0,0,987.84,3265.06,524.12,29.18,0,0,0,0,0
492,4148.78,0,0,3556.19,592.59,0,0,0,0,0,0,0
493,5741.36,0,0,2606.06,3135.3,0,0,0,0,0,0,0
494,22328.44,0,0,5973.77,9366.6,6988.08,0,0,0,0,0,0
495,22356.6,0,0,4536.19,5443.0,8247.29,4130.12,0,0,0,0,0
496,10141.79,0,0,1335.52,4504.33,3501.58,682.07,0,118.3,0,0,0
497,15047.42,0,0,0,0,4526.79,7702.69,2304.33,513.61,0,0,0
498,21982.17,0,0,0,4751.24,12036.21,3239.28,1955.44,0,0,0,0
499,14583.66,221.36,0,0,0,7930.61,6075.61,356.09,0,0,0,0
500,14851.92,0,0,0,0,6695.08,6176.01,1980.83,0,0,0,0
501,11119.35,0,0,0,2137.44,6021.07,2038.15,922.69,0,0,0,0
502,22264.61,0,0,0,4358.89,3370.99,6593.99,4468.59,2276.85,1195.29,0,0
503,16094.01,0,0,3498.52,8025.92,4164.75,404.83,0,0,0,0,0
504,21539.58,0,0,0,5426.34,11552.29,4415.66,145.29,0,0,0,0
505,9354.34,0,0,0,0,5416.36,1731.13,2156.06,50.8,0,0,0
506,2623.07,0,0,0,0,510.44,1372.06,740.56,0,0,0,0
507,15726.4,0,0,0,0,4953.1,5714.83,4529.05,529.42,0,0,0
508,12026.74,0,0,0,0,4969.52,4753.51,970.49,1333.23,0,0,0
509,7924.23,0,0,0,902.37,2768.97,1777.54,2380.81,94.55,0,0,0
510,13562.05,0,0,4426.26,6469.36,2561.5,104.93,0,0,0,0,0
511,13623.35,0,0,5922.72,6113.53,1201.63,385.48,0,0,0,0,0
512,9292.66,0,0,0,8331.07,961.58,0,0,0,0,0,0
513,11276.53,0,0,0,3853.16,4261.78,3161.58,0,0,0,0,0
514,4884.53,0,0,0,0,3481.3,1002.67,400.56,0,0,0,0
515,5435.99,0,0,551.44,548.65,1957.08,2125.38,253.44,0,0,0,0
516,6011.68,0,0,1421.56,3310.4,1090.67,189.05,0,0,0,0,0
517,7890.17,0,0,0,4460.07,2980.95,449.15,0,0,0,0,0
518,12454.36,0,0,3344.46,2572.1,6487.7,50.11,0,0,0,0,0
519,1119.32,0,1094.53,0,0,24.79,0,0,0,0,0,0
520,18863.29,0,3836.84,10834.51,4107.74,84.2,0,0,0,0,0,0
521,13939.26,0,0,6664.66,4864.16,1365.98,1044.46,0,0,0,0,0
522,16975.7,0,5675.24,9728.23,1492.75,79.49,0,0,0,0,0,0
523,26874.17,0,0,0,5106.56,13253.98,8060.66,452.97,0,0,0,0
524,23488.07,605.24,0,0,7468.15,8596.14,6379.81,396.79,41.94,0,0,0
525,23739.92,0,0,0,4964.56,9404.51,9370.85,0,0,0,0,0
526,15102.88,0,0,0,5009.19,7538.45,2545.51,9.72,0,0,0,0
527,10400.11,0,0,0,4796.01,4827.87,776.23,0,0,0,0,0
528,22284.07,0,0,0,1517.89,12794.51,7186.61,699.69,85.37,0,0,0
529,24197.41,0,0,4980.71,9331.99,4171.95,4421.5,1153.04,138.22,0,0,0
530,12432.35,0,0,2223.8,7090.0,2913.51,0,205.04,0,0,0,0
531,13883.2,0,0,7200.83,4007.18,2107.7,327.98,239.5,0,0,0,0
532,18040.36,0,0,0,6389.97,8841.31,2761.76,47.31,0,0,0,0
533,10627.78,0,0,0,0,1570.18,4279.78,4164.36,558.54,54.92,0,0
534,16393.95,0,0,0,4561.84,6269.76,5032.55,529.8,0,0,0,0
535,11075.19,0,0,0,0,5464.62,5329.03,281.54,0,0,0,0
536,10255.24,0,0,0,0,0,7338.34,2375.99,540.91,0,0,0
537,15478.5,0,0,0,0,6010.07,7381.9,2002.53,84.0,0,0,0
538,2499.7,0,0,0,0,1227.54,1272.16,0,0,0,0,0
539,4288.5,0,0,0,0,2904.89,1282.32,101.3,0,0,0,0
540,10298.57,0,0,0,4214.97,4997.11,1086.5,0,0,0,0,0
541,11845.35,0,0,7960.89,2019.71,1794.99,69.76,0,0,0,0,0
542,10035.88,0,1792.15,5568.09,2675.64,0,0,0,0,0,0,0
543,14495.16,784.86,0,4733.54,8902.33,74.43,0,0,0,0,0,0
544,12349.47,0,5054.57,5012.0,1307.02,975.88,0,0,0,0,0,0
545,10849.82,0,0,0,5250.45,2843.65,2755.72,0,0,0,0,0
546,7568.82,0,0,1771.75,5588.1,208.96,0,0,0,0,0,0
547,16317.23,0,0,5738.74,8409.22,1057.64,1111.64,0,0,0,0,0
548,12214.05,0,0,4309.68,4144.25,3748.28,11.85,0,0,0,0,0
549,8068.26,0,0,3254.11,3390.64,1338.51,85.0,0,0,0,0,0
550,17410.41,0,0,5204.52,7598.34,4042.24,565.31,0,0,0,0,0
551,11018.27,0,0,0,236.6,6535.63,2912.71,1333.33,0,0,0,0
552,2319.89,0,0,0,0,141.44,1959.61,218.84,0,0,0,0
553,9145.2,0,0,996.3,1748.17,4828.37,1483.46,0,88.9,0,0,0
554,5403.21,0,0,2625.63,862.52,1915.06,0,0,0,0,0,0
555,19788.54,0,0,2588.25,6417.72,10696.65,85.92,0,0,0,0,0
556,29701.9,0,4762.67,17851.77,4681.65,2405.82,0,0,0,0,0,0
557,34182.45,459.44,0,4449.48,13510.6,10591.54,4379.64,791.75,0,0,0,0
558,18709.46,3408.75,0,0,1125.06,5646.81,6579.72,1799.94,149.19,0,0,0
559,21807.62,0,0,0,53.28,9408.94,11275.57,970.25,99.58,0,0,0
560,893.85,86.71,0,0,0,94.42,712.73,0,0,0,0,0
561,8708.02,0,0,0,3000.53,3365.81,1320.65,1021.03,0,0,0,0
562,18677.07,0,0,0,6275.19,8290.55,3682.82,338.62,89.88,0,0,0
563,16665.28,0,0,0,0,810.38,6357.19,6711.59,2326.9,459.22,0,0
564,8026.88,0,0,0,0,2272.77,3847.82,892.09,1014.19,0,0,0
565,12502.34,0,5017.62,5851.52,1633.21,0,0,0,0,0,0,0
566,12861.47,0,4573.84,8137.88,149.75,0,0,0,0,0,0,0
567,16497.3,617.82,4252.44,8334.44,2853.98,438.62,0,0,0,0,0,0
568,21699.43,113.38,2982.1,11251.61,5551.47,1800.86,0,0,0,0,0,0
569,17591.07,0,4485.91,7260.69,4392.6,1451.86,0,0,0,0,0,0
570,19535.16,0,4762.28,9852.48,4800.72,119.68,0,0,0,0,0,0
571,11741.25,0,0,1459.88,5869.54,3300.4,969.25,142.19,0,0,0,0
572,10243.24,131.66,0,0,324.59,8299.14,1352.02,135.84,0,0,0,0
573,1815.01,0,0,0,941.71,556.52,205.45,111.34,0,0,0,0
574,12338.27,0,0,1964.6,7744.87,2628.8,0,0,0,0,0,0
575,7120.89,0,0,0,0,0,3161.71,3584.2,374.98,0,0,0
576,7428.32,0,0,855.57,5816.73,604.77,151.25,0,0,0,0,0
577,34400.0,0,4570.85,15608.29,10211.48,3420.26,390.47,198.66,0,0,0,0
578,16399.47,1754.66,0,0,5877.84,4010.53,3996.61,759.83,0,0,0,0
579,368.35,368.35,0,0,0,0,0,0,0,0,0,0
580,17544.79,6535.16,0,0,3250.66,4443.43,3132.65,116.71,66.17,0,0,0
581,15433.57,3181.72,0,0,0,4489.65,4519.68,3010.41,232.11,0,0,0
582,11929.59,0,0,5760.46,5854.29,314.85,0,0,0,0,0,0
583,11518.87,0,0,0,0,2125.65,5634.54,3639.88,118.81,0,0,0
584,14016.48,0,0,0,0,0,3998.94,5983.44,3660.38,373.72,0,0
585,10937.9,0,0,0,0,2834.16,3520.21,2667.75,1530.37,385.4,0,0
586,9621.06,0,0,5123.08,867.32,3630.65,0,0,0,0,0,0
587,4488.61,0,0,4488.61,0,0,0,0,0,0,0,0
588,6505.18,0,0,3976.18,958.85,1110.77,459.38,0,0,0,0,0
589,10237.52,0,0,2760.8,7052.74,423.98,0,0,0,0,0,0
590,12508.04,0,0,4417.86,6714.05,1376.13,0,0,0,0,0,0
591,11858.32,0,2419.95,5477.93,3688.77,271.66,0,0,0,0,0,0
592,23779.58,910.93,1102.89,7475.28,12211.13,2079.36,0,0,0,0,0,0
593,23392.86,3236.61,0,6350.64,7205.54,5630.0,630.02,340.06,0,0,0,0
594,23082.31,0,0,4294.9,13753.09,4549.19,485.13,0,0,0,0,0
595,20027.2,0,0,0,0,4491.16,8363.48,6517.69,654.86,0,0,0
596,18257.41,0,0,0,5261.19,6136.58,5206.89,1543.02,109.73,0,0,0
597,19223.81,18865.5,0,0,0,358.32,0,0,0,0,0,0
598,13138.8,2627.07,0,0,3261.46,5898.93,1351.33,0,0,0,0,0
599,10458.56,10458.56,0,0,0,0,0,0,0,0,0,0
600,3310.54,3310.54,0,0,0,0,0,0,0,0,0,0
601,13934.22,13934.22,0,0,0,0,0,0,0,0,0,0
602,11959.78,11959.78,0,0,0,0,0,0,0,0,0,0
603,6575.1,281.63,0,0,1153.04,1347.87,1177.97,2614.59,0,0,0,0
604,11035.7,45.99,0,5256.7,4394.17,573.2,310.8,353.3,101.55,0,0,0
605,7390.38,0,0,5460.31,1857.82,72.25,0,0,0,0,0,0
606,12760.85,0,0,4228.57,5701.35,2398.29,432.65,0,0,0,0,0
607,0.0,0,0,0,0,0,0,0,0,0,0,0
608,6573.69,0,0,0,4289.69,2284.0,0,0,0,0,0,0
609,2878.61,0,0,0,2526.5,239.33,112.77,0,0,0,0,0
610,17276.4,0,4214.45,7585.81,5055.91,420.22,0,0,0,0,0,0
611,18108.24,18108.24,0,0,0,0,0,0,0,0,0,0
612,4037.89,4037.89,0,0,0,0,0,0,0,0,0,0
613,0.0,0,0,0,0,0,0,0,0,0,0,0
614,12020.99,0,0,0,0,7712.12,2808.67,1448.13,52.07,0,0,0
615,14427.22,0,0,0,6589.16,3955.0,2216.58,1482.29,184.18,0,0,0
616,13478.11,0,0,0,4651.41,6420.39,1876.54,423.69,106.07,0,0,0
617,17168.47,0,0,5873.3,8588.95,2706.22,0,0,0,0,0,0
618,19158.75,0,293.65,8689.79,6689.17,2792.81,693.33,0,0,0,0,0
619,15397.25,15397.25,0,0,0,0,0,0,0,0,0,0
620,5622.94,5622.95,0,0,0,0,0,0,0,0,0,0
621,20179.18,0,0,0,7442.8,9737.47,2833.41,165.5,0,0,0,0
622,17432.07,0,0,0,174.42,7108.03,6082.83,3795.54,271.25,0,0,0
623,21847.44,0,0,0,4968.73,8587.56,6650.01,1641.14,0,0,0,0
624,5412.03,0,0,0,4429.7,982.33,0,0,0,0,0,0
625,8129.58,78.09,0,0,4836.74,3214.75,0,0,0,0,0,0
626,7146.54,0,0,1133.92,4889.12,1123.5,0,0,0,0,0,0
627,7123.46,0,0,4044.15,209.53,2869.78,0,0,0,0,0,0
628,19352.94,0,0,0,8860.03,8896.22,1596.69,0,0,0,0,0
629,1361.97,0,0,0,0,1361.97,0,0,0,0,0,0
630,0.0,0,0,0,0,0,0,0,0,0,0,0
631,1958.48,0,0,0,0,0,0,1926.58,31.9,0,0,0
632,3700.47,0,0,0,0,0,1531.06,1654.59,514.82,0,0,0
633,2874.59,0,0,0,0,1930.75,814.52,129.32,0,0,0,0
634,0.0,0,0,0,0,0,0,0,0,0,0,0
635,6808.04,0,0,4880.07,1175.49,752.48,0,0,0,0,0,0
636,13320.83,139.09,0,8408.87,4404.31,368.54,0,0,0,0,0,0
637,17890.92,0,4561.88,8142.47,5186.56,0,0,0,0,0,0,0
638,12974.71,0,0,1242.75,5345.36,3825.09,2188.36,373.14,0,0,0,0
639,418.72,0,0,418.72,0,0,0,0,0,0,0,0
640,9457.17,0,0,5050.4,4077.98,328.78,0,0,0,0,0,0
641,6130.83,0,0,4539.97,1175.21,415.65,0,0,0,0,0,0
642,2387.53,0,0,1902.35,485.18,0,0,0,0,0,0,0
643,10908.61,0,0,0,2831.62,6185.24,1891.74,0,0,0,0,0
644,14060.72,0,3386.21,5398.08,3719.27,1387.29,169.87,0,0,0,0,0
645,26002.92,0,0,2196.74,5400.83,10129.24,4691.75,2673.46,910.88,0,0,0
646,9023.22,0,0,0,2053.17,5992.16,977.88,0,0,0,0,0
647,19755.61,19755.61,0,0,0,0,0,0,0,0,0,0
648,1584.69,1584.69,0,0,0,0,0,0,0,0,0,0
649,8146.2,8146.2,0,0,0,0,0,0,0,0,0,0
650,2032.4,185.52,0,0,0,352.76,1452.91,41.21,0,0,0,0
651,21700.33,0,0,0,1182.05,6080.0,9202.83,4088.8,1116.16,30.49,0,0
652,13496.4,0,0,2315.21,6088.43,4525.04,567.72,0,0,0,0,0
653,7347.12,0,0,3658.19,3316.52,372.41,0,0,0,0,0,0
654,12629.07,0,0,4762.2,7387.71,479.15,0,0,0,0,0,0
655,20528.58,0,0,8925.23,5910.04,3691.85,2001.47,0,0,0,0,0
656,10095.4,0,0,0,0,6035.41,2663.91,1396.08,0,0,0,0
657,24.63,0,0,0,0,24.63,0,0,0,0,0,0
658,890.74,481.09,0,0,0,106.3,303.35,0,0,0,0,0
659,10834.04,0,4581.18,6123.34,129.52,0,0,0,0,0,0,0
660,2848.36,0,90.61,2420.74,337.01,0,0,0,0,0,0,0
661,7369.9,0,0,5242.63,2127.27,0,0,0,0,0,0,0
662,2394.72,0,0,598.33,1613.31,183.08,0,0,0,0,0,0
663,16565.41,0,0,1481.99,7887.12,7111.79,84.51,0,0,0,0,0
664,14620.71,0,0,0,2144.4,7654.42,4696.35,125.54,0,0,0,0
665,8254.02,0,0,0,3335.61,3507.25,1411.16,0,0,0,0,0
666,23352.32,0,7945.18,10835.47,2743.91,1827.76,0,0,0,0,0,0
667,48409.96,0,0,8921.9,15551.76,19349.6,4104.08,391.09,91.54,0,0,0
668,21421.3,0,0,2956.04,10846.86,5801.92,1347.11,469.37,0,0,0,0
669,0.0,0,0,0,0,0,0,0,0,0,0,0
670,0.0,0,0,0,0,0,0,0,0,0,0,0
671,498.74,498.74,0,0,0,0,0,0,0,0,0,0
672,0.0,0,0,0,0,0,0,0,0,0,0,0
673,0.0,0,0,0,0,0,0,0,0,0,0,0
674,14377.28,0,0,0,4191.89,5459.98,3990.04,421.74,17.17,296.47,0,0
675,20020.72,0,0,0,0,4414.47,6785.73,1451.29,2331.78,4158.96,878.49,0
676,5413.54,62.07,0,1894.3,3139.17,318.0,0,0,0,0,0,0
677,4465.99,0,0,0,4405.11,60.87,0,0,0,0,0,0
678,5649.05,0,0,0,5548.08,63.25,37.72,0,0,0,0,0
679,5906.8,1036.66,0,0,4529.18,340.97,0,0,0,0,0,0
680,6388.34,0,0,0,5012.36,1375.98,0,0,0,0,0,0
681,1551.04,192.1,0,0,765.56,593.38,0,0,0,0,0,0
682,11979.39,0,0,213.89,4967.21,4836.91,1856.39,104.98,0,0,0,0
683,2224.83,0,0,0,2224.83,0,0,0,0,0,0,0
684,0.0,0,0,0,0,0,0,0,0,0,0,0
685,0.0,0,0,0,0,0,0,0,0,0,0,0
686,5670.84,0,0,1121.02,2662.12,1887.71,0,0,0,0,0,0
687,7542.05,0,0,3913.4,3628.65,0,0,0,0,0,0,0
688,6563.81,0,0,0,4422.83,2048.65,92.33,0,0,0,0,0
689,13182.73,0,0,0,3537.98,7593.69,2051.06,0,0,0,0,0
690,15103.92,0,0,3446.85,5186.16,5471.34,999.58,0,0,0,0,0
691,16759.33,0,0,0,5896.14,8509.4,2353.79,0,0,0,0,0
692,7702.63,0,0,472.34,1512.82,4412.86,1254.5,50.1,0,0,0,0
693,12243.81,0,4057.85,5668.28,2149.66,368.02,0,0,0,0,0,0
694,12652.63,0,4305.59,7123.81,1149.19,74.04,0,0,0,0,0,0
695,21008.6,0,0,7070.48,9532.4,3891.89,513.83,0,0,0,0,0
696,21892.04,138.73,0,285.79,7652.08,10806.08,2738.19,271.17,0,0,0,0
697,6607.44,6607.44,0,0,0,0,0,0,0,0,0,0
698,11384.42,94.98,0,0,0,1405.82,0,0,1350.6,4212.29,3742.5,578.23
699,25406.18,3179.64,0,0,0,0,0,2574.18,4068.4,7262.64,3703.07,4618.25
700,22516.55,16643.06,0,0,0,0,0,0,0,0,2013.79,3859.71
701,42945.41,8259.88,0,0,1214.94,1318.16,1124.72,585.71,441.67,3374.62,13274.37,13351.35
702,34785.8,0,0,0,0,4921.38,5770.11,6759.11,7740.42,6464.46,2991.61,138.73
703,13977.84,0,0,0,5905.21,6441.55,790.32,62.03,583.59,195.15,0,0
704,9483.37,230.18,0,0,5225.99,858.99,0,3168.22,0,0,0,0
705,914.72,0,0,0,0,0,124.91,661.12,128.69,0,0,0
706,8253.71,188.52,0,0,2283.51,5249.8,531.89,0,0,0,0,0
707,3490.08,0,0,0,0,2351.08,1139.0,0,0,0,0,0
708,9053.75,0,0,0,6128.77,2422.75,502.24,0,0,0,0,0
709,10121.01,0,0,0,4451.63,5477.12,192.27,0,0,0,0,0
710,2930.56,0,0,2470.99,303.94,0,155.63,0,0,0,0,0
711,11080.09,0,2724.99,1402.74,4730.13,2077.2,145.04,0,0,0,0,0
712,5874.15,0,4561.95,1312.19,0,0,0,0,0,0,0,0
713,1025.46,0,0,1025.46,0,0,0,0,0,0,0,0
714,0.0,0,0,0,0,0,0,0,0,0,0,0
715,3942.26,0,0,0,3833.39,108.88,0,0,0,0,0,0
716,4114.01,0,0,0,2623.84,1490.18,0,0,0,0,0,0
717,348.07,0,0,0,348.07,0,0,0,0,0,0,0
718,6985.5,0,0,0,0,4154.69,2654.99,175.82,0,0,0,0
719,9816.12,0,0,5563.3,2755.2,1436.83,60.79,0,0,0,0,0
720,18474.44,0,7154.94,10907.44,405.97,6.09,0,0,0,0,0,0
721,19693.57,0,0,1446.06,9538.94,7575.25,1133.31,0,0,0,0,0
722,8372.73,0,0,432.05,2108.45,5062.31,693.35,76.57,0,0,0,0
723,8959.89,8959.89,0,0,0,0,0,0,0,0,0,0
724,3148.28,3148.28,0,0,0,0,0,0,0,0,0,0
725,0.0,0,0,0,0,0,0,0,0,0,0,0
726,3544.92,0,0,0,0,0,0,0,0,226.98,2359.75,958.19
727,2472.11,2472.11,0,0,0,0,0,0,0,0,0,0
728,19873.86,1744.45,0,0,988.13,172.21,616.44,4371.53,5850.35,3269.62,1334.78,1526.36
729,45374.01,0,0,0,2880.03,11281.97,12740.23,14079.14,3397.11,995.53,0,0
730,21013.48,0,0,0,0,345.86,11022.39,9507.52,137.71,0,0,0
731,22770.03,0,0,0,2551.64,5922.54,3579.44,9559.39,1097.82,59.19,0,0
732,12201.11,98.24,0,0,4706.5,3830.4,3020.8,545.18,0,0,0,0
733,10301.18,0,0,0,0,5304.52,3695.96,1135.6,165.09,0,0,0
734,15831.92,0,0,0,2087.57,10434.44,2856.85,453.05,0,0,0,0
735,8499.43,0,0,0,2698.39,4914.22,886.82,0,0,0,0,0
736,17029.46,493.94,0,6030.34,4260.88,5937.73,306.57,0,0,0,0,0
737,4225.82,0,0,3445.41,128.86,651.55,0,0,0,0,0,0
738,10660.56,0,0,4830.76,5706.37,123.42,0,0,0,0,0,0
739,9736.37,0,4044.77,4768.62,922.97,0,0,0,0,0,0,0
740,0.0,0,0,0,0,0,0,0,0,0,0,0
741,15530.47,0,0,0,6504.44,6615.88,2282.29,127.87,0,0,0,0
742,14455.34,0,0,0,1184.78,6514.34,6278.38,477.85,0,0,0,0
743,22261.87,550.15,0,6202.07,12459.25,2866.54,183.85,0,0,0,0,0
744,13200.57,0,0,0,0,9019.1,3934.4,247.07,0,0,0,0
745,17926.64,0,0,0,5761.32,8291.07,3330.88,543.37,0,0,0,0
746,7606.25,0,0,4363.74,1961.59,0,771.66,509.26,0,0,0,0
747,1540.47,1540.47,0,0,0,0,0,0,0,0,0,0
748,17169.15,15858.02,0,0,0,0,0,0,0,2.4,36.29,1272.43
749,58733.99,0,0,0,3699.45,13357.26,17959.05,11663.59,8238.28,3022.42,734.61,59.33
750,23720.38,0,0,0,3469.47,4980.37,10087.12,3522.57,987.18,492.57,181.11,0
751,10676.21,0,0,0,4594.5,5955.41,126.31,0,0,0,0,0
752,2193.92,0,1264.66,929.25,0,0,0,0,0,0,0,0
753,10040.84,0,0,8090.26,1950.59,0,0,0,0,0,0,0
754,10206.62,0,4583.89,4679.78,942.95,0,0,0,0,0,0,0
755,1428.96,0,0,0,904.46,411.32,113.18,0,0,0,0,0
756,0.0,0,0,0,0,0,0,0,0,0,0,0
757,9665.14,26.88,0,3979.02,3177.63,60.68,1815.28,605.64,0,0,0,0
758,11932.06,90.91,0,0,334.17,6740.57,4766.41,0,0,0,0,0
759,16722.97,0,0,0,5172.52,6224.3,3519.81,1455.51,350.82,0,0,0
760,12824.05,0,0,0,337.26,6087.93,5716.39,682.47,0,0,0,0
761,12394.13,0,0,0,1571.9,5893.48,4583.96,332.0,12.78,0,0,0
762,17864.36,0,0,4358.42,6881.29,6208.91,415.74,0,0,0,0,0
763,5856.61,0,0,3780.85,1921.18,154.58,0,0,0,0,0,0
764,10637.87,0,0,0,5844.92,3085.72,1562.18,145.04,0,0,0,0
765,1670.21,1670.21,0,0,0,0,0,0,0,0,0,0
766,9781.89,0,3245.79,5072.46,1463.64,0,0,0,0,0,0,0
767,12430.95,0,4088.82,8342.13,0,0,0,0,0,0,0,0
768,21427.27,0,0,0,0,6080.66,12453.35,2756.35,117.16,19.76,0,0
769,10523.26,0,0,0,0,7051.79,3211.61,259.86,0,0,0,0
770,15345.7,0,0,0,3963.02,8915.37,1599.22,714.98,153.11,0,0,0
771,10588.95,0,0,207.08,739.8,8071.9,1570.17,0,0,0,0,0
772,10976.35,0,0,0,1749.3,5981.58,2009.24,1236.23,0,0,0,0
773,12719.19,52.57,0,0,5911.48,6394.39,360.75,0,0,0,0,0
774,12086.97,0,0,0,2861.73,5285.15,3689.23,250.86,0,0,0,0
775,7245.62,0,0,1954.2,1031.23,3260.06,1000.13,0,0,0,0,0
776,24224.94,0,0,0,2104.63,8257.68,8225.95,5071.67,565.01,0,0,0
777,14058.71,0,0,4437.69,5338.85,3501.03,458.82,322.32,0,0,0,0
778,14925.51,0,0,7216.54,3512.53,1541.59,2654.84,0,0,0,0,0
779,14283.64,381.94,0,5930.74,2675.12,4718.84,577.01,0,0,0,0,0
780,8900.77,0,0,0,0,4247.49,1640.9,1999.4,1012.98,0,0,0
781,15020.17,0,0,0,5430.79,7490.67,2098.71,0,0,0,0,0
782,15171.06,0,0,5383.87,5542.25,3985.8,259.14,0,0,0,0,0
783,17482.19,17482.19,0,0,0,0,0,0,0,0,0,0
784,9469.11,0,0,3747.33,3460.77,2261.02,0,0,0,0,0,0
785,11900.77,0,7005.01,4895.75,0,0,0,0,0,0,0,0
786,23001.75,0,0,5458.29,11599.83,5446.61,497.03,0,0,0,0,0
787,12317.83,0,0,1179.42,3643.1,677.76,4631.21,1801.79,384.56,0,0,0
788,15862.44,0,0,3610.76,8275.12,3105.33,742.21,129.03,0,0,0,0
789,16589.35,0,0,0,3426.01,4612.83,6103.2,2061.78,385.53,0,0,0
790,18440.94,0,0,11988.33,5611.07,822.59,18.95,0,0,0,0,0
791,22513.62,0,0,3379.32,8956.79,9036.35,1141.17,0,0,0,0,0
792,19026.75,0,0,3771.78,12228.01,3026.96,0,0,0,0,0,0
793,6417.46,1074.25,0,0,0,1131.38,3793.14,418.69,0,0,0,0
794,15377.81,0,0,1655.31,8374.81,5220.74,126.95,0,0,0,0,0
795,16870.53,13803.91,0,0,3066.63,0,0,0,0,0,0,0
796,23846.77,23846.77,0,0,0,0,0,0,0,0,0,0
797,15096.41,2410.89,0,0,0,626.22,5379.28,5554.66,1125.35,0,0,0
798,10682.73,0,5920.15,3691.58,1071.01,0,0,0,0,0,0,0
799,14604.37,0,1454.88,10749.39,1857.78,542.32,0,0,0,0,0,0
800,20894.3,202.05,0,2643.07,8406.69,7308.61,2333.88,0,0,0,0,0
801,19803.87,0,0,0,3563.15,7376.59,4191.76,4168.69,319.44,141.66,42.58,0
802,17823.77,0,0,0,5267.73,8583.42,3570.3,402.32,0,0,0,0
803,5829.94,5829.94,0,0,0,0,0,0,0,0,0,0
804,16771.39,16771.39,0,0,0,0,0,0,0,0,0,0
805,23698.33,9434.9,0,0,4310.2,6813.07,3095.17,44.98,0,0,0,0
806,7407.11,0,1752.39,5465.63,189.09,0,0,0,0,0,0,0
807,18515.42,0,0,0,931.13,6327.78,5905.31,3744.35,1356.58,250.27,0,0
808,20528.36,0,0,0,5840.95,9045.53,5097.97,543.9,0,0,0,0
809,12121.03,0,0,0,6000.11,4366.47,1704.09,50.37,0,0,0,0
810,16348.66,0,0,0,4932.22,4973.9,3566.07,2876.48,0,0,0,0
811,7769.69,5991.53,0,0,0,1600.53,177.62,0,0,0,0,0
812,188.48,188.48,0,0,0,0,0,0,0,0,0,0
813,26202.31,26202.31,0,0,0,0,0,0,0,0,0,0
814,28699.15,5165.33,0,0,5291.13,8799.96,6469.21,2699.52,274.01,0,0,0
815,19992.44,0,0,0,5031.85,10671.08,4133.94,138.36,17.21,0,0,0
816,16855.14,0,0,1597.31,4209.98,6578.72,2921.34,1250.52,297.27,0,0,0
817,12721.43,0,1914.65,8649.3,1823.98,333.5,0,0,0,0,0,0
818,20751.4,0,0,857.06,10192.71,7774.32,1528.52,398.79,0,0,0,0
819,14348.09,0,0,0,0,3331.9,5529.54,3758.38,1534.78,193.49,0,0
820,36014.99,0,0,0,0,12459.82,16015.4,7350.58,189.19,0,0,0
821,22561.51,0,0,0,6467.59,10908.22,4717.69,468.01,0,0,0,0
822,19046.85,0,0,0,1228.12,5778.74,7357.25,3305.6,1324.58,52.57,0,0
823,9709.56,0,0,0,0,5340.42,2639.96,1562.32,166.87,0,0,0
824,18316.82,0,0,0,7636.48,5015.24,4342.09,1323.01,0,0,0,0
825,0.0,0,0,0,0,0,0,0,0,0,0,0
826,24437.92,0,0,4892.56,13820.62,5113.83,610.9,0,0,0,0,0
827,18753.92,0,2863.9,10560.93,3385.08,1577.22,366.78,0,0,0,0,0
828,10175.08,0,0,0,1066.4,4495.8,3504.65,631.98,476.25,0,0,0
829,15619.07,0,0,0,0,5030.29,7781.78,2551.98,255.02,0,0,0
830,15611.53,0,0,0,1705.08,8128.2,4467.86,1248.7,61.68,0,0,0
831,21229.45,0,0,0,6059.28,7777.62,4621.59,1522.3,1248.67,0,0,0
832,12647.24,3760.8,0,3496.61,835.47,1622.82,1297.51,1511.06,122.96,0,0,0
833,15865.24,0,0,6054.57,8097.32,1713.34,0,0,0,0,0,0
834,19711.5,0,5290.38,10299.62,2842.88,1231.95,46.67,0,0,0,0,0
835,24810.33,0,0,1111.01,9771.46,8629.25,5083.12,128.66,86.84,0,0,0
836,18009.58,0,0,5796.47,10064.72,1919.66,228.73,0,0,0,0,0
837,21080.7,0,0,5525.43,5347.79,5533.0,4317.15,357.34,0,0,0,0
838,15956.54,0,0,2182.49,8962.08,3527.28,1284.69,0,0,0,0,0
839,13688.32,0,0,0,3476.33,5886.31,2834.2,1273.62,143.49,74.37,0,0
840,13309.92,0,0,0,5875.0,7094.83,249.39,90.69,0,0,0,0
841,26151.09,303.74,0,5087.14,10717.65,7265.71,610.41,143.47,0,808.44,766.73,447.79
842,17447.33,142.56,0,0,0,4008.21,4776.92,3176.91,1671.35,1454.13,1043.92,1173.33
843,14302.28,0,0,0,3263.04,9591.63,1447.6,0,0,0,0,0
844,0.0,0,0,0,0,0,0,0,0,0,0,0
845,0.0,0,0,0,0,0,0,0,0,0,0,0
846,12058.86,0,4339.6,6630.49,1088.77,0,0,0,0,0,0,0
847,25085.68,3113.74,0,0,5564.71,11319.76,4414.56,615.57,57.34,0,0,0
848,16606.19,8768.34,0,0,0,207.68,185.32,79.29,0,453.0,1709.05,5203.52
849,17167.94,3025.21,0,0,0,1033.7,479.42,0,661.07,643.76,3374.39,7950.4
850,12192.51,5007.05,0,0,4303.85,2861.23,20.38,0,0,0,0,0
851,24313.55,10456.73,0,0,0,555.12,3670.38,6364.38,2732.35,534.59,0,0
852,25129.39,0,0,0,0,892.82,8014.66,8604.13,4895.33,2722.45,0,0
853,651.7,0,651.7,0,0,0,0,0,0,0,0,0
854,19550.2,15374.2,0,0,0,1214.5,518.9,415.85,0,0,0,2026.74
855,20141.93,18989.17,0,0,0,0,0,0,0,0,0,1152.76
856,1873.66,1873.66,0,0,0,0,0,0,0,0,0,0
857,0.0,0,0,0,0,0,0,0,0,0,0,0
858,26364.96,12675.07,0,0,0,3621.11,6258.89,3328.7,481.19,0,0,0
859,25770.0,25770.0,0,0,0,0,0,0,0,0,0,0
860,31472.1,31472.1,0,0,0,0,0,0,0,0,0,0
861,14594.3,0,0,0,0,6108.63,7712.75,772.92,0,0,0,0
862,27159.13,0,0,0,0,0,7856.75,13664.65,5081.77,555.96,0,0
863,18296.39,9694.3,0,0,0,0,3172.22,4593.0,836.87,0,0,0
864,5304.2,5304.2,0,0,0,0,0,0,0,0,0,0
865,16215.99,16215.99,0,0,0,0,0,0,0,0,0,0
866,20208.51,20208.51,0,0,0,0,0,0,0,0,0,0
867,2312.4,2312.4,0,0,0,0,0,0,0,0,0,0
868,12480.51,1686.47,0,0,0,0,5881.75,3459.5,232.13,962.58,258.09,0
869,23230.8,23230.8,0,0,0,0,0,0,0,0,0,0
870,12602.03,12602.03,0,0,0,0,0,0,0,0,0,0
871,0.0,0,0,0,0,0,0,0,0,0,0,0
872,18374.1,411.36,0,0,0,7880.38,8883.54,950.91,247.91,0,0,0
873,1888.99,1888.98,0,0,0,0,0,0,0,0,0,0
874,2160.35,2160.35,0,0,0,0,0,0,0,0,0,0
875,0.0,0,0,0,0,0,0,0,0,0,0,0
